Year,Unit,Group,Value
2015,Victims of crimes (per 100 thousand persons),all,0.72
2016,Victims of crimes (per 100 thousand persons),all,0.77
2017,Victims of crimes (per 100 thousand persons),all,0.55
2018,Victims of crimes (per 100 thousand persons),all,0.47
2019,Victims of crimes (per 100 thousand persons),all,0.81
2020,Victims of crimes (per 100 thousand persons),all,0.93
2015,"Victims of crimes (Art. 152), total",all,306.0
2016,"Victims of crimes (Art. 152), total",all,328.0
2017,"Victims of crimes (Art. 152), total",all,233.0
2018,"Victims of crimes (Art. 152), total",all,197.0
2019,"Victims of crimes (Art. 152), total",all,341.0
2020,"Victims of crimes (Art. 152), total",all,388.0
2015,"Victims of crimes (Art. 152), total",females,278.0
2016,"Victims of crimes (Art. 152), total",females,298.0
2017,"Victims of crimes (Art. 152), total",females,208.0
2018,"Victims of crimes (Art. 152), total",females,170.0
2019,"Victims of crimes (Art. 152), total",females,276.0
2020,"Victims of crimes (Art. 152), total",females,263.0
2015,"Victims of crimes (Art. 152), total",adolescents,57.0
2016,"Victims of crimes (Art. 152), total",adolescents,55.0
2017,"Victims of crimes (Art. 152), total",adolescents,50.0
2018,"Victims of crimes (Art. 152), total",adolescents,39.0
2019,"Victims of crimes (Art. 152), total",adolescents,56.0
2020,"Victims of crimes (Art. 152), total",adolescents,82.0
2015,"Victims of crimes (Art. 152), total",young (under 14),27.0
2016,"Victims of crimes (Art. 152), total",young (under 14),32.0
2017,"Victims of crimes (Art. 152), total",young (under 14),39.0
2018,"Victims of crimes (Art. 152), total",young (under 14),28.0
2019,"Victims of crimes (Art. 152), total",young (under 14),92.0
2020,"Victims of crimes (Art. 152), total",young (under 14),151.0
