Year,Article of the Criminal Code of Ukraine,Unit,Value
2015,"Stealing, misappropriation, extortion of firearms, ammunition, explosives or radioactive materials, or acquisition by fraud or abuse of office, Art. 262",Total criminal offenses (number),207.0
2016,"Stealing, misappropriation, extortion of firearms, ammunition, explosives or radioactive materials, or acquisition by fraud or abuse of office, Art. 262",Total criminal offenses (number),154.0
2017,"Stealing, misappropriation, extortion of firearms, ammunition, explosives or radioactive materials, or acquisition by fraud or abuse of office, Art. 262",Total criminal offenses (number),151.0
2018,"Stealing, misappropriation, extortion of firearms, ammunition, explosives or radioactive materials, or acquisition by fraud or abuse of office, Art. 262",Total criminal offenses (number),102.0
2019,"Stealing, misappropriation, extortion of firearms, ammunition, explosives or radioactive materials, or acquisition by fraud or abuse of office, Art. 262",Total criminal offenses (number),95.0
2020,"Stealing, misappropriation, extortion of firearms, ammunition, explosives or radioactive materials, or acquisition by fraud or abuse of office, Art. 262",Total criminal offenses (number),55.0
2015,"Stealing, misappropriation, extortion of firearms, ammunition, explosives or radioactive materials, or acquisition by fraud or abuse of office, Art. 262",Per 100 thousand persons,0.48
2016,"Stealing, misappropriation, extortion of firearms, ammunition, explosives or radioactive materials, or acquisition by fraud or abuse of office, Art. 262",Per 100 thousand persons,0.36
2017,"Stealing, misappropriation, extortion of firearms, ammunition, explosives or radioactive materials, or acquisition by fraud or abuse of office, Art. 262",Per 100 thousand persons,0.36
2018,"Stealing, misappropriation, extortion of firearms, ammunition, explosives or radioactive materials, or acquisition by fraud or abuse of office, Art. 262",Per 100 thousand persons,0.24
2019,"Stealing, misappropriation, extortion of firearms, ammunition, explosives or radioactive materials, or acquisition by fraud or abuse of office, Art. 262",Per 100 thousand persons,0.23
2020,"Stealing, misappropriation, extortion of firearms, ammunition, explosives or radioactive materials, or acquisition by fraud or abuse of office, Art. 262",Per 100 thousand persons,0.13
2015,"Illegal handling of weapons, ammunition or explosives, Art. 263",Total criminal offenses (number),7409.0
2016,"Illegal handling of weapons, ammunition or explosives, Art. 263",Total criminal offenses (number),6307.0
2017,"Illegal handling of weapons, ammunition or explosives, Art. 263",Total criminal offenses (number),8002.0
2018,"Illegal handling of weapons, ammunition or explosives, Art. 263",Total criminal offenses (number),7466.0
2019,"Illegal handling of weapons, ammunition or explosives, Art. 263",Total criminal offenses (number),6204.0
2020,"Illegal handling of weapons, ammunition or explosives, Art. 263",Total criminal offenses (number),5116.0
2015,"Illegal handling of weapons, ammunition or explosives, Art. 263",Per 100 thousand persons,17.33
2016,"Illegal handling of weapons, ammunition or explosives, Art. 263",Per 100 thousand persons,14.81
2017,"Illegal handling of weapons, ammunition or explosives, Art. 263",Per 100 thousand persons,18.88
2018,"Illegal handling of weapons, ammunition or explosives, Art. 263",Per 100 thousand persons,17.71
2019,"Illegal handling of weapons, ammunition or explosives, Art. 263",Per 100 thousand persons,14.81
2020,"Illegal handling of weapons, ammunition or explosives, Art. 263",Per 100 thousand persons,12.3
2015,"Illegal manufacture, processing or repair of firearms, or tampering, illegal removal or alteration of their marking, or illicit manufacture of ammunition, explosives or explosive devices, Art. 263-1",Total criminal offenses (number),150.0
2016,"Illegal manufacture, processing or repair of firearms, or tampering, illegal removal or alteration of their marking, or illicit manufacture of ammunition, explosives or explosive devices, Art. 263-1",Total criminal offenses (number),119.0
2017,"Illegal manufacture, processing or repair of firearms, or tampering, illegal removal or alteration of their marking, or illicit manufacture of ammunition, explosives or explosive devices, Art. 263-1",Total criminal offenses (number),198.0
2018,"Illegal manufacture, processing or repair of firearms, or tampering, illegal removal or alteration of their marking, or illicit manufacture of ammunition, explosives or explosive devices, Art. 263-1",Total criminal offenses (number),194.0
2019,"Illegal manufacture, processing or repair of firearms, or tampering, illegal removal or alteration of their marking, or illicit manufacture of ammunition, explosives or explosive devices, Art. 263-1",Total criminal offenses (number),185.0
2020,"Illegal manufacture, processing or repair of firearms, or tampering, illegal removal or alteration of their marking, or illicit manufacture of ammunition, explosives or explosive devices, Art. 263-1",Total criminal offenses (number),168.0
2015,"Illegal manufacture, processing or repair of firearms, or tampering, illegal removal or alteration of their marking, or illicit manufacture of ammunition, explosives or explosive devices, Art. 263-1",Per 100 thousand persons,0.35
2016,"Illegal manufacture, processing or repair of firearms, or tampering, illegal removal or alteration of their marking, or illicit manufacture of ammunition, explosives or explosive devices, Art. 263-1",Per 100 thousand persons,0.28
2017,"Illegal manufacture, processing or repair of firearms, or tampering, illegal removal or alteration of their marking, or illicit manufacture of ammunition, explosives or explosive devices, Art. 263-1",Per 100 thousand persons,0.47
2018,"Illegal manufacture, processing or repair of firearms, or tampering, illegal removal or alteration of their marking, or illicit manufacture of ammunition, explosives or explosive devices, Art. 263-1",Per 100 thousand persons,0.46
2019,"Illegal manufacture, processing or repair of firearms, or tampering, illegal removal or alteration of their marking, or illicit manufacture of ammunition, explosives or explosive devices, Art. 263-1",Per 100 thousand persons,0.44
2020,"Illegal manufacture, processing or repair of firearms, or tampering, illegal removal or alteration of their marking, or illicit manufacture of ammunition, explosives or explosive devices, Art. 263-1",Per 100 thousand persons,0.4
