Year,Region,Value
2015,,209.9
2016,,209.5
2017,,200.0
2018,,197.7
2019,,200.5
2020,,201.9
2015,Vinnytsya,214.0
2016,Vinnytsya,205.0
2017,Vinnytsya,200.9
2018,Vinnytsya,200.9
2019,Vinnytsya,198.9
2020,Vinnytsya,200.9
2015,Volyn,221.3
2016,Volyn,210.0
2017,Volyn,210.1
2018,Volyn,202.4
2019,Volyn,206.9
2020,Volyn,209.2
2015,Dnipropetrovsk,194.7
2016,Dnipropetrovsk,204.6
2017,Dnipropetrovsk,200.3
2018,Dnipropetrovsk,199.2
2019,Dnipropetrovsk,197.5
2020,Dnipropetrovsk,196.4
2015,Donetsk,171.2
2016,Donetsk,169.3
2017,Donetsk,161.7
2018,Donetsk,165.5
2019,Donetsk,170.4
2020,Donetsk,171.2
2015,Zhytomyr,230.8
2016,Zhytomyr,218.8
2017,Zhytomyr,207.2
2018,Zhytomyr,215.5
2019,Zhytomyr,209.0
2020,Zhytomyr,202.8
2015,Zakarpattya,223.0
2016,Zakarpattya,229.1
2017,Zakarpattya,221.1
2018,Zakarpattya,210.4
2019,Zakarpattya,230.8
2020,Zakarpattya,232.8
2015,17_reg_Zaporizhya,186.4
2016,17_reg_Zaporizhya,181.9
2017,17_reg_Zaporizhya,164.6
2018,17_reg_Zaporizhya,174.5
2019,17_reg_Zaporizhya,171.4
2020,17_reg_Zaporizhya,180.4
2015,Ivano-Frankivsk,259.3
2016,Ivano-Frankivsk,281.4
2017,Ivano-Frankivsk,273.0
2018,Ivano-Frankivsk,260.3
2019,Ivano-Frankivsk,276.7
2020,Ivano-Frankivsk,300.6
2015,Kyiv,222.8
2016,Kyiv,221.7
2017,Kyiv,204.6
2018,Kyiv,203.6
2019,Kyiv,211.2
2020,Kyiv,209.4
2015,Kirovohrad,207.8
2016,Kirovohrad,202.8
2017,Kirovohrad,199.8
2018,Kirovohrad,198.7
2019,Kirovohrad,213.8
2020,Kirovohrad,229.2
2015,Luhansk,144.8
2016,Luhansk,138.2
2017,Luhansk,136.8
2018,Luhansk,139.2
2019,Luhansk,147.4
2020,Luhansk,150.6
2015,Lviv,235.5
2016,Lviv,232.7
2017,Lviv,214.4
2018,Lviv,205.2
2019,Lviv,215.3
2020,Lviv,225.9
2015,Mykolayiv,206.8
2016,Mykolayiv,212.6
2017,Mykolayiv,202.0
2018,Mykolayiv,203.1
2019,Mykolayiv,204.3
2020,Mykolayiv,205.4
2015,Odesa,194.5
2016,Odesa,188.0
2017,Odesa,180.7
2018,Odesa,190.3
2019,Odesa,185.8
2020,Odesa,180.2
2015,Poltava,223.6
2016,Poltava,217.9
2017,Poltava,210.0
2018,Poltava,199.2
2019,Poltava,201.5
2020,Poltava,195.5
2015,Rivne,213.1
2016,Rivne,203.5
2017,Rivne,198.8
2018,Rivne,188.3
2019,Rivne,191.7
2020,Rivne,190.5
2015,Sumy,203.5
2016,Sumy,194.8
2017,Sumy,192.3
2018,Sumy,187.9
2019,Sumy,182.4
2020,Sumy,180.4
2015,Ternopil,235.1
2016,Ternopil,245.7
2017,Ternopil,236.2
2018,Ternopil,231.2
2019,Ternopil,245.1
2020,Ternopil,237.8
2015,Kharkiv,228.3
2016,Kharkiv,239.9
2017,Kharkiv,220.9
2018,Kharkiv,208.7
2019,Kharkiv,203.9
2020,Kharkiv,202.6
2015,Kherson,195.6
2016,Kherson,213.3
2017,Kherson,204.4
2018,Kherson,193.5
2019,Kherson,183.9
2020,Kherson,195.8
2015,Khmelnytskiy,233.0
2016,Khmelnytskiy,225.1
2017,Khmelnytskiy,223.4
2018,Khmelnytskiy,208.3
2019,Khmelnytskiy,208.2
2020,Khmelnytskiy,204.2
2015,Cherkasy,226.9
2016,Cherkasy,221.1
2017,Cherkasy,206.2
2018,Cherkasy,214.2
2019,Cherkasy,216.6
2020,Cherkasy,222.2
2015,Chernivtsi,243.9
2016,Chernivtsi,251.0
2017,Chernivtsi,240.8
2018,Chernivtsi,233.7
2019,Chernivtsi,226.6
2020,Chernivtsi,220.1
2015,Chernihiv,239.2
2016,Chernihiv,226.7
2017,Chernihiv,217.7
2018,Chernihiv,214.6
2019,Chernihiv,210.5
2020,Chernihiv,207.5
