Year,Region,Value
2015,,64.0
2016,,63.0
2017,,62.3
2018,,62.1
2019,,57.3
2020,,60.8
2015,Vinnytsya,53.4
2016,Vinnytsya,44.8
2017,Vinnytsya,47.1
2018,Vinnytsya,50.5
2019,Vinnytsya,51.8
2020,Vinnytsya,57.5
2015,Volyn,60.3
2016,Volyn,66.0
2017,Volyn,58.1
2018,Volyn,52.5
2019,Volyn,43.1
2020,Volyn,50.7
2015,Dnipropetrovsk,67.5
2016,Dnipropetrovsk,66.9
2017,Dnipropetrovsk,64.3
2018,Dnipropetrovsk,69.5
2019,Dnipropetrovsk,63.2
2020,Dnipropetrovsk,70.0
2015,Donetsk,
2016,Donetsk,
2017,Donetsk,
2018,Donetsk,
2019,Donetsk,
2020,Donetsk,
2015,Zhytomyr,64.4
2016,Zhytomyr,64.5
2017,Zhytomyr,64.0
2018,Zhytomyr,55.9
2019,Zhytomyr,58.8
2020,Zhytomyr,61.0
2015,Zakarpattya,44.2
2016,Zakarpattya,49.6
2017,Zakarpattya,44.7
2018,Zakarpattya,54.3
2019,Zakarpattya,44.8
2020,Zakarpattya,50.1
2015,Zaporizhya,76.3
2016,Zaporizhya,78.5
2017,Zaporizhya,75.2
2018,Zaporizhya,76.4
2019,Zaporizhya,68.8
2020,Zaporizhya,69.9
2015,Ivano-Frankivsk,47.0
2016,Ivano-Frankivsk,43.8
2017,Ivano-Frankivsk,46.9
2018,Ivano-Frankivsk,44.7
2019,Ivano-Frankivsk,46.4
2020,Ivano-Frankivsk,41.3
2015,Kyiv,66.9
2016,Kyiv,64.7
2017,Kyiv,64.8
2018,Kyiv,69.0
2019,Kyiv,62.3
2020,Kyiv,65.5
2015,Kirovohrad,77.0
2016,Kirovohrad,72.0
2017,Kirovohrad,80.5
2018,Kirovohrad,78.9
2019,Kirovohrad,64.7
2020,Kirovohrad,67.1
2015,Luhansk,
2016,Luhansk,
2017,Luhansk,
2018,Luhansk,
2019,Luhansk,
2020,Luhansk,
2015,Lviv,55.4
2016,Lviv,52.7
2017,Lviv,53.5
2018,Lviv,55.9
2019,Lviv,49.2
2020,Lviv,57.2
2015,Mykolayiv,61.3
2016,Mykolayiv,68.4
2017,Mykolayiv,64.5
2018,Mykolayiv,62.8
2019,Mykolayiv,57.1
2020,Mykolayiv,55.7
2015,Odesa,73.2
2016,Odesa,67.5
2017,Odesa,65.0
2018,Odesa,65.2
2019,Odesa,61.7
2020,Odesa,59.6
2015,Poltava,74.4
2016,Poltava,80.6
2017,Poltava,76.1
2018,Poltava,72.0
2019,Poltava,65.2
2020,Poltava,74.9
2015,Rivne,63.3
2016,Rivne,64.5
2017,Rivne,51.1
2018,Rivne,46.8
2019,Rivne,60.0
2020,Rivne,58.9
2015,Sumy,72.6
2016,Sumy,78.3
2017,Sumy,82.8
2018,Sumy,72.5
2019,Sumy,69.6
2020,Sumy,81.4
2015,Ternopil,40.6
2016,Ternopil,49.3
2017,Ternopil,48.3
2018,Ternopil,55.5
2019,Ternopil,43.5
2020,Ternopil,41.4
2015,Kharkiv,73.1
2016,Kharkiv,70.4
2017,Kharkiv,72.7
2018,Kharkiv,68.7
2019,Kharkiv,61.8
2020,Kharkiv,67.8
2015,Kherson,93.1
2016,Kherson,85.5
2017,Kherson,88.9
2018,Kherson,94.3
2019,Kherson,81.0
2020,Kherson,90.0
2015,Khmelnytskiy,62.5
2016,Khmelnytskiy,58.3
2017,Khmelnytskiy,54.6
2018,Khmelnytskiy,62.5
2019,Khmelnytskiy,48.7
2020,Khmelnytskiy,50.1
2015,Cherkasy,68.3
2016,Cherkasy,62.2
2017,Cherkasy,73.4
2018,Cherkasy,60.9
2019,Cherkasy,60.3
2020,Cherkasy,73.1
2015,Chernivtsi,33.9
2016,Chernivtsi,45.9
2017,Chernivtsi,40.8
2018,Chernivtsi,39.5
2019,Chernivtsi,36.3
2020,Chernivtsi,40.5
2015,Chernihiv,89.9
2016,Chernihiv,78.7
2017,Chernihiv,82.1
2018,Chernihiv,75.4
2019,Chernihiv,67.9
2020,Chernihiv,70.4
2015,Kyiv city,50.7
2016,Kyiv city,48.1
2017,Kyiv city,46.3
2018,Kyiv city,45.9
2019,Kyiv city,48.0
2020,Kyiv city,43.5
