Year,Вік,Gender,Домогосподарства,Value
2015,,,,58.3
2016,,,,58.6
2017,,,,47.3
2018,,,,43.2
2019,,,,41.3
2020,,,,47.2
2015,до 18 років,,,66.6
2016,до 18 років,,,65.5
2017,до 18 років,,,56.7
2018,до 18 років,,,51.1
2019,до 18 років,,,47.8
2020,до 18 років,,,53.0
2015,18 – 34 роки,,,59.4
2016,18 – 34 роки,,,57.9
2017,18 – 34 роки,,,47.4
2018,18 – 34 роки,,,44.3
2019,18 – 34 роки,,,40.1
2020,18 – 34 роки,,,44.7
2015,35 – 59 років,,,53.9
2016,35 – 59 років,,,55.2
2017,35 – 59 років,,,42.0
2018,35 – 59 років,,,38.1
2019,35 – 59 років,,,36.6
2020,35 – 59 років,,,43.8
2015,60 років і старші,,,57.0
2016,60 років і старші,,,58.9
2017,60 років і старші,,,47.6
2018,60 років і старші,,,43.5
2019,60 років і старші,,,44.4
2020,60 років і старші,,,50.6
2015,,чоловіки,,58.0
2016,,чоловіки,,58.5
2017,,чоловіки,,47.3
2018,,чоловіки,,42.4
2019,,чоловіки,,41.5
2020,,чоловіки,,46.2
2015,,жінки,,58.6
2016,,жінки,,58.6
2017,,жінки,,47.3
2018,,жінки,,43.9
2019,,жінки,,41.0
2020,,жінки,,48.0
2015,,,домогосподарства з дітьми,66.5
2016,,,домогосподарства з дітьми,65.2
2017,,,домогосподарства з дітьми,55.1
2018,,,домогосподарства з дітьми,49.9
2019,,,домогосподарства з дітьми,47.3
2020,,,домогосподарства з дітьми,53.6
2015,,,домогосподарства без дітей,48.8
2016,,,домогосподарства без дітей,50.9
2017,,,домогосподарства без дітей,38.1
2018,,,домогосподарства без дітей,35.4
2019,,,домогосподарства без дітей,34.3
2020,,,домогосподарства без дітей,39.7
