Year,Місцевість проживання,Value
2015,,0.99
2016,,1.02
2017,,0.97
2018,,0.95
2019,,0.97
2020,,1.02
2021,,0.99
2022,,
2015,міська,1.03
2016,міська,0.98
2017,міська,0.97
2018,міська,0.91
2019,міська,0.98
2020,міська,1.01
2021,міська,1.0
2022,міська,
2015,сільська,1.05
2016,сільська,1.01
2017,сільська,0.9
2018,сільська,0.9
2019,сільська,0.98
2020,сільська,1.03
2021,сільська,0.97
2022,сільська,
