Year,Місцевість проживання,Value
2015,,25.5
2016,,26.1
2017,,25.2
2018,,24.8
2019,,24.4
2020,,24.7
2021,,24.7
2022,,
2015,міська,25.2
2016,міська,25.7
2017,міська,25.1
2018,міська,24.7
2019,міська,24.3
2020,міська,24.5
2021,міська,24.6
2022,міська,
2015,сільська,26.0
2016,сільська,26.7
2017,сільська,25.6
2018,сільська,25.6
2019,сільська,25.3
2020,сільська,26.3
2021,сільська,25.7
2022,сільська,
