Year,Стаття Кримінального Кодексу України,Одиниця виміру,Value
2015,"Викрадення, привласнення, вимагання вогнепальної зброї, бойових припасів, вибухових речовин чи радіоактивних матеріалів або заволодіння ними шляхом шахрайства або зловживанням службовим становищем, ст.262",Усього кримінальних правопорушень (кількість),207.0
2016,"Викрадення, привласнення, вимагання вогнепальної зброї, бойових припасів, вибухових речовин чи радіоактивних матеріалів або заволодіння ними шляхом шахрайства або зловживанням службовим становищем, ст.262",Усього кримінальних правопорушень (кількість),154.0
2017,"Викрадення, привласнення, вимагання вогнепальної зброї, бойових припасів, вибухових речовин чи радіоактивних матеріалів або заволодіння ними шляхом шахрайства або зловживанням службовим становищем, ст.262",Усього кримінальних правопорушень (кількість),151.0
2018,"Викрадення, привласнення, вимагання вогнепальної зброї, бойових припасів, вибухових речовин чи радіоактивних матеріалів або заволодіння ними шляхом шахрайства або зловживанням службовим становищем, ст.262",Усього кримінальних правопорушень (кількість),102.0
2019,"Викрадення, привласнення, вимагання вогнепальної зброї, бойових припасів, вибухових речовин чи радіоактивних матеріалів або заволодіння ними шляхом шахрайства або зловживанням службовим становищем, ст.262",Усього кримінальних правопорушень (кількість),95.0
2020,"Викрадення, привласнення, вимагання вогнепальної зброї, бойових припасів, вибухових речовин чи радіоактивних матеріалів або заволодіння ними шляхом шахрайства або зловживанням службовим становищем, ст.262",Усього кримінальних правопорушень (кількість),55.0
2015,"Викрадення, привласнення, вимагання вогнепальної зброї, бойових припасів, вибухових речовин чи радіоактивних матеріалів або заволодіння ними шляхом шахрайства або зловживанням службовим становищем, ст.262",Рівень на 100 тис. населення,0.48
2016,"Викрадення, привласнення, вимагання вогнепальної зброї, бойових припасів, вибухових речовин чи радіоактивних матеріалів або заволодіння ними шляхом шахрайства або зловживанням службовим становищем, ст.262",Рівень на 100 тис. населення,0.36
2017,"Викрадення, привласнення, вимагання вогнепальної зброї, бойових припасів, вибухових речовин чи радіоактивних матеріалів або заволодіння ними шляхом шахрайства або зловживанням службовим становищем, ст.262",Рівень на 100 тис. населення,0.36
2018,"Викрадення, привласнення, вимагання вогнепальної зброї, бойових припасів, вибухових речовин чи радіоактивних матеріалів або заволодіння ними шляхом шахрайства або зловживанням службовим становищем, ст.262",Рівень на 100 тис. населення,0.24
2019,"Викрадення, привласнення, вимагання вогнепальної зброї, бойових припасів, вибухових речовин чи радіоактивних матеріалів або заволодіння ними шляхом шахрайства або зловживанням службовим становищем, ст.262",Рівень на 100 тис. населення,0.23
2020,"Викрадення, привласнення, вимагання вогнепальної зброї, бойових припасів, вибухових речовин чи радіоактивних матеріалів або заволодіння ними шляхом шахрайства або зловживанням службовим становищем, ст.262",Рівень на 100 тис. населення,0.13
2015,"Незаконне поводження зі зброєю, бойовими припасами або вибуховими речовинами, ст.263",Усього кримінальних правопорушень (кількість),7409.0
2016,"Незаконне поводження зі зброєю, бойовими припасами або вибуховими речовинами, ст.263",Усього кримінальних правопорушень (кількість),6307.0
2017,"Незаконне поводження зі зброєю, бойовими припасами або вибуховими речовинами, ст.263",Усього кримінальних правопорушень (кількість),8002.0
2018,"Незаконне поводження зі зброєю, бойовими припасами або вибуховими речовинами, ст.263",Усього кримінальних правопорушень (кількість),7466.0
2019,"Незаконне поводження зі зброєю, бойовими припасами або вибуховими речовинами, ст.263",Усього кримінальних правопорушень (кількість),6204.0
2020,"Незаконне поводження зі зброєю, бойовими припасами або вибуховими речовинами, ст.263",Усього кримінальних правопорушень (кількість),5116.0
2015,"Незаконне поводження зі зброєю, бойовими припасами або вибуховими речовинами, ст.263",Рівень на 100 тис. населення,17.33
2016,"Незаконне поводження зі зброєю, бойовими припасами або вибуховими речовинами, ст.263",Рівень на 100 тис. населення,14.81
2017,"Незаконне поводження зі зброєю, бойовими припасами або вибуховими речовинами, ст.263",Рівень на 100 тис. населення,18.88
2018,"Незаконне поводження зі зброєю, бойовими припасами або вибуховими речовинами, ст.263",Рівень на 100 тис. населення,17.71
2019,"Незаконне поводження зі зброєю, бойовими припасами або вибуховими речовинами, ст.263",Рівень на 100 тис. населення,14.81
2020,"Незаконне поводження зі зброєю, бойовими припасами або вибуховими речовинами, ст.263",Рівень на 100 тис. населення,12.3
2015,"Незаконне виготовлення, переробка чи ремонт вогнепальної зброї або фальсифікація, незаконне видалення чи зміна її маркування, або незаконне виготовлення бойових припасів, вибухових речовин чи вибухових пристроїв, ст.263-1",Усього кримінальних правопорушень (кількість),150.0
2016,"Незаконне виготовлення, переробка чи ремонт вогнепальної зброї або фальсифікація, незаконне видалення чи зміна її маркування, або незаконне виготовлення бойових припасів, вибухових речовин чи вибухових пристроїв, ст.263-1",Усього кримінальних правопорушень (кількість),119.0
2017,"Незаконне виготовлення, переробка чи ремонт вогнепальної зброї або фальсифікація, незаконне видалення чи зміна її маркування, або незаконне виготовлення бойових припасів, вибухових речовин чи вибухових пристроїв, ст.263-1",Усього кримінальних правопорушень (кількість),198.0
2018,"Незаконне виготовлення, переробка чи ремонт вогнепальної зброї або фальсифікація, незаконне видалення чи зміна її маркування, або незаконне виготовлення бойових припасів, вибухових речовин чи вибухових пристроїв, ст.263-1",Усього кримінальних правопорушень (кількість),194.0
2019,"Незаконне виготовлення, переробка чи ремонт вогнепальної зброї або фальсифікація, незаконне видалення чи зміна її маркування, або незаконне виготовлення бойових припасів, вибухових речовин чи вибухових пристроїв, ст.263-1",Усього кримінальних правопорушень (кількість),185.0
2020,"Незаконне виготовлення, переробка чи ремонт вогнепальної зброї або фальсифікація, незаконне видалення чи зміна її маркування, або незаконне виготовлення бойових припасів, вибухових речовин чи вибухових пристроїв, ст.263-1",Усього кримінальних правопорушень (кількість),168.0
2015,"Незаконне виготовлення, переробка чи ремонт вогнепальної зброї або фальсифікація, незаконне видалення чи зміна її маркування, або незаконне виготовлення бойових припасів, вибухових речовин чи вибухових пристроїв, ст.263-1",Рівень на 100 тис. населення,0.35
2016,"Незаконне виготовлення, переробка чи ремонт вогнепальної зброї або фальсифікація, незаконне видалення чи зміна її маркування, або незаконне виготовлення бойових припасів, вибухових речовин чи вибухових пристроїв, ст.263-1",Рівень на 100 тис. населення,0.28
2017,"Незаконне виготовлення, переробка чи ремонт вогнепальної зброї або фальсифікація, незаконне видалення чи зміна її маркування, або незаконне виготовлення бойових припасів, вибухових речовин чи вибухових пристроїв, ст.263-1",Рівень на 100 тис. населення,0.47
2018,"Незаконне виготовлення, переробка чи ремонт вогнепальної зброї або фальсифікація, незаконне видалення чи зміна її маркування, або незаконне виготовлення бойових припасів, вибухових речовин чи вибухових пристроїв, ст.263-1",Рівень на 100 тис. населення,0.46
2019,"Незаконне виготовлення, переробка чи ремонт вогнепальної зброї або фальсифікація, незаконне видалення чи зміна її маркування, або незаконне виготовлення бойових припасів, вибухових речовин чи вибухових пристроїв, ст.263-1",Рівень на 100 тис. населення,0.44
2020,"Незаконне виготовлення, переробка чи ремонт вогнепальної зброї або фальсифікація, незаконне видалення чи зміна її маркування, або незаконне виготовлення бойових припасів, вибухових речовин чи вибухових пристроїв, ст.263-1",Рівень на 100 тис. населення,0.4
