Year,Види боєприпасів,Область,Value
2015,,,204326.0
2016,,,177757.0
2017,,,280276.0
2018,,,273167.0
2019,,,206918.0
2020,,,180562.0
2021,,,135152.0
2015,патрони,,202142.0
2016,патрони,,174954.0
2017,патрони,,278238.0
2018,патрони,,271141.0
2019,патрони,,204899.0
2020,патрони,,179186.0
2021,патрони,,134166.0
2015,гранати,,2099.0
2016,гранати,,2698.0
2017,гранати,,1935.0
2018,гранати,,1918.0
2019,гранати,,1889.0
2020,гранати,,1228.0
2021,гранати,,926.0
2015,міни,,26.0
2016,міни,,61.0
2017,міни,,57.0
2018,міни,,48.0
2019,міни,,84.0
2020,міни,,24.0
2021,міни,,7.0
2015,саморобні вибухові пристрої,,59.0
2016,саморобні вибухові пристрої,,44.0
2017,саморобні вибухові пристрої,,46.0
2018,саморобні вибухові пристрої,,60.0
2019,саморобні вибухові пристрої,,46.0
2020,саморобні вибухові пристрої,,124.0
2021,саморобні вибухові пристрої,,53.0
2015,,Вінницька,3982.0
2016,,Вінницька,6624.0
2017,,Вінницька,5909.0
2018,,Вінницька,12284.0
2019,,Вінницька,12436.0
2020,,Вінницька,7006.0
2021,,Вінницька,1786.0
2015,патрони,Вінницька,3952.0
2016,патрони,Вінницька,6584.0
2017,патрони,Вінницька,5893.0
2018,патрони,Вінницька,12247.0
2019,патрони,Вінницька,12423.0
2020,патрони,Вінницька,6988.0
2021,патрони,Вінницька,1777.0
2015,гранати,Вінницька,29.0
2016,гранати,Вінницька,39.0
2017,гранати,Вінницька,16.0
2018,гранати,Вінницька,36.0
2019,гранати,Вінницька,13.0
2020,гранати,Вінницька,18.0
2021,гранати,Вінницька,9.0
2015,міни,Вінницька,1.0
2016,міни,Вінницька,
2017,міни,Вінницька,
2018,міни,Вінницька,1.0
2019,міни,Вінницька,
2020,міни,Вінницька,
2021,міни,Вінницька,
2015,саморобні вибухові пристрої,Вінницька,
2016,саморобні вибухові пристрої,Вінницька,1.0
2017,саморобні вибухові пристрої,Вінницька,
2018,саморобні вибухові пристрої,Вінницька,
2019,саморобні вибухові пристрої,Вінницька,
2020,саморобні вибухові пристрої,Вінницька,
2021,саморобні вибухові пристрої,Вінницька,
2015,,Волинська,1536.0
2016,,Волинська,2392.0
2017,,Волинська,5351.0
2018,,Волинська,4581.0
2019,,Волинська,2461.0
2020,,Волинська,5316.0
2021,,Волинська,1631.0
2015,патрони,Волинська,1508.0
2016,патрони,Волинська,1664.0
2017,патрони,Волинська,5312.0
2018,патрони,Волинська,4555.0
2019,патрони,Волинська,2440.0
2020,патрони,Волинська,5074.0
2021,патрони,Волинська,1618.0
2015,гранати,Волинська,28.0
2016,гранати,Волинська,713.0
2017,гранати,Волинська,31.0
2018,гранати,Волинська,26.0
2019,гранати,Волинська,20.0
2020,гранати,Волинська,232.0
2021,гранати,Волинська,13.0
2015,міни,Волинська,
2016,міни,Волинська,15.0
2017,міни,Волинська,8.0
2018,міни,Волинська,
2019,міни,Волинська,
2020,міни,Волинська,10.0
2021,міни,Волинська,
2015,саморобні вибухові пристрої,Волинська,
2016,саморобні вибухові пристрої,Волинська,
2017,саморобні вибухові пристрої,Волинська,
2018,саморобні вибухові пристрої,Волинська,
2019,саморобні вибухові пристрої,Волинська,1.0
2020,саморобні вибухові пристрої,Волинська,
2021,саморобні вибухові пристрої,Волинська,
2015,,Дніпропетровська,43122.0
2016,,Дніпропетровська,10419.0
2017,,Дніпропетровська,27831.0
2018,,Дніпропетровська,21941.0
2019,,Дніпропетровська,21774.0
2020,,Дніпропетровська,23838.0
2021,,Дніпропетровська,24945.0
2015,патрони,Дніпропетровська,42751.0
2016,патрони,Дніпропетровська,10320.0
2017,патрони,Дніпропетровська,27620.0
2018,патрони,Дніпропетровська,21697.0
2019,патрони,Дніпропетровська,21498.0
2020,патрони,Дніпропетровська,23696.0
2021,патрони,Дніпропетровська,24750.0
2015,гранати,Дніпропетровська,339.0
2016,гранати,Дніпропетровська,98.0
2017,гранати,Дніпропетровська,208.0
2018,гранати,Дніпропетровська,237.0
2019,гранати,Дніпропетровська,262.0
2020,гранати,Дніпропетровська,135.0
2021,гранати,Дніпропетровська,192.0
2015,міни,Дніпропетровська,3.0
2016,міни,Дніпропетровська,
2017,міни,Дніпропетровська,2.0
2018,міни,Дніпропетровська,2.0
2019,міни,Дніпропетровська,4.0
2020,міни,Дніпропетровська,1.0
2021,міни,Дніпропетровська,
2015,саморобні вибухові пристрої,Дніпропетровська,29.0
2016,саморобні вибухові пристрої,Дніпропетровська,1.0
2017,саморобні вибухові пристрої,Дніпропетровська,1.0
2018,саморобні вибухові пристрої,Дніпропетровська,5.0
2019,саморобні вибухові пристрої,Дніпропетровська,10.0
2020,саморобні вибухові пристрої,Дніпропетровська,6.0
2021,саморобні вибухові пристрої,Дніпропетровська,3.0
2015,,Донецька,19780.0
2016,,Донецька,30997.0
2017,,Донецька,47498.0
2018,,Донецька,37417.0
2019,,Донецька,54489.0
2020,,Донецька,14330.0
2021,,Донецька,12720.0
2015,патрони,Донецька,19344.0
2016,патрони,Донецька,30594.0
2017,патрони,Донецька,47187.0
2018,патрони,Донецька,37122.0
2019,патрони,Донецька,54233.0
2020,патрони,Донецька,14243.0
2021,патрони,Донецька,12627.0
2015,гранати,Донецька,428.0
2016,гранати,Донецька,395.0
2017,гранати,Донецька,305.0
2018,гранати,Донецька,283.0
2019,гранати,Донецька,249.0
2020,гранати,Донецька,84.0
2021,гранати,Донецька,84.0
2015,міни,Донецька,6.0
2016,міни,Донецька,5.0
2017,міни,Донецька,3.0
2018,міни,Донецька,4.0
2019,міни,Донецька,4.0
2020,міни,Донецька,
2021,міни,Донецька,
2015,саморобні вибухові пристрої,Донецька,2.0
2016,саморобні вибухові пристрої,Донецька,3.0
2017,саморобні вибухові пристрої,Донецька,3.0
2018,саморобні вибухові пристрої,Донецька,8.0
2019,саморобні вибухові пристрої,Донецька,3.0
2020,саморобні вибухові пристрої,Донецька,3.0
2021,саморобні вибухові пристрої,Донецька,9.0
2015,,Житомирська,3461.0
2016,,Житомирська,3321.0
2017,,Житомирська,3686.0
2018,,Житомирська,2006.0
2019,,Житомирська,2725.0
2020,,Житомирська,4256.0
2021,,Житомирська,4240.0
2015,патрони,Житомирська,3434.0
2016,патрони,Житомирська,3284.0
2017,патрони,Житомирська,3650.0
2018,патрони,Житомирська,1984.0
2019,патрони,Житомирська,2714.0
2020,патрони,Житомирська,4245.0
2021,патрони,Житомирська,4232.0
2015,гранати,Житомирська,27.0
2016,гранати,Житомирська,35.0
2017,гранати,Житомирська,35.0
2018,гранати,Житомирська,14.0
2019,гранати,Житомирська,10.0
2020,гранати,Житомирська,9.0
2021,гранати,Житомирська,7.0
2015,міни,Житомирська,
2016,міни,Житомирська,2.0
2017,міни,Житомирська,1.0
2018,міни,Житомирська,1.0
2019,міни,Житомирська,
2020,міни,Житомирська,
2021,міни,Житомирська,1.0
2015,саморобні вибухові пристрої,Житомирська,
2016,саморобні вибухові пристрої,Житомирська,
2017,саморобні вибухові пристрої,Житомирська,
2018,саморобні вибухові пристрої,Житомирська,7.0
2019,саморобні вибухові пристрої,Житомирська,1.0
2020,саморобні вибухові пристрої,Житомирська,2.0
2021,саморобні вибухові пристрої,Житомирська,
2015,,Закарпатська,1663.0
2016,,Закарпатська,866.0
2017,,Закарпатська,1773.0
2018,,Закарпатська,1777.0
2019,,Закарпатська,1821.0
2020,,Закарпатська,1772.0
2021,,Закарпатська,2883.0
2015,патрони,Закарпатська,1652.0
2016,патрони,Закарпатська,857.0
2017,патрони,Закарпатська,1763.0
2018,патрони,Закарпатська,1762.0
2019,патрони,Закарпатська,1812.0
2020,патрони,Закарпатська,1752.0
2021,патрони,Закарпатська,2875.0
2015,гранати,Закарпатська,8.0
2016,гранати,Закарпатська,9.0
2017,гранати,Закарпатська,10.0
2018,гранати,Закарпатська,15.0
2019,гранати,Закарпатська,9.0
2020,гранати,Закарпатська,20.0
2021,гранати,Закарпатська,7.0
2015,міни,Закарпатська,
2016,міни,Закарпатська,
2017,міни,Закарпатська,
2018,міни,Закарпатська,
2019,міни,Закарпатська,
2020,міни,Закарпатська,
2021,міни,Закарпатська,1.0
2015,саморобні вибухові пристрої,Закарпатська,3.0
2016,саморобні вибухові пристрої,Закарпатська,
2017,саморобні вибухові пристрої,Закарпатська,
2018,саморобні вибухові пристрої,Закарпатська,
2019,саморобні вибухові пристрої,Закарпатська,
2020,саморобні вибухові пристрої,Закарпатська,
2021,саморобні вибухові пристрої,Закарпатська,
2015,,Запорізька,6385.0
2016,,Запорізька,40202.0
2017,,Запорізька,34304.0
2018,,Запорізька,5202.0
2019,,Запорізька,5231.0
2020,,Запорізька,9316.0
2021,,Запорізька,5797.0
2015,патрони,Запорізька,6267.0
2016,патрони,Запорізька,39459.0
2017,патрони,Запорізька,34052.0
2018,патрони,Запорізька,5086.0
2019,патрони,Запорізька,5115.0
2020,патрони,Запорізька,9285.0
2021,патрони,Запорізька,5743.0
2015,гранати,Запорізька,110.0
2016,гранати,Запорізька,731.0
2017,гранати,Запорізька,251.0
2018,гранати,Запорізька,115.0
2019,гранати,Запорізька,113.0
2020,гранати,Запорізька,26.0
2021,гранати,Запорізька,50.0
2015,міни,Запорізька,
2016,міни,Запорізька,8.0
2017,міни,Запорізька,1.0
2018,міни,Запорізька,
2019,міни,Запорізька,
2020,міни,Запорізька,3.0
2021,міни,Запорізька,4.0
2015,саморобні вибухові пристрої,Запорізька,8.0
2016,саморобні вибухові пристрої,Запорізька,4.0
2017,саморобні вибухові пристрої,Запорізька,
2018,саморобні вибухові пристрої,Запорізька,1.0
2019,саморобні вибухові пристрої,Запорізька,3.0
2020,саморобні вибухові пристрої,Запорізька,2.0
2021,саморобні вибухові пристрої,Запорізька,
2015,,Івано-Франківська,3573.0
2016,,Івано-Франківська,3317.0
2017,,Івано-Франківська,5177.0
2018,,Івано-Франківська,17075.0
2019,,Івано-Франківська,5996.0
2020,,Івано-Франківська,2695.0
2021,,Івано-Франківська,2660.0
2015,патрони,Івано-Франківська,3546.0
2016,патрони,Івано-Франківська,3284.0
2017,патрони,Івано-Франківська,5150.0
2018,патрони,Івано-Франківська,17002.0
2019,патрони,Івано-Франківська,5973.0
2020,патрони,Івано-Франківська,2675.0
2021,патрони,Івано-Франківська,2949.0
2015,гранати,Івано-Франківська,27.0
2016,гранати,Івано-Франківська,31.0
2017,гранати,Івано-Франківська,24.0
2018,гранати,Івано-Франківська,69.0
2019,гранати,Івано-Франківська,23.0
2020,гранати,Івано-Франківська,20.0
2021,гранати,Івано-Франківська,11.0
2015,міни,Івано-Франківська,
2016,міни,Івано-Франківська,
2017,міни,Івано-Франківська,2.0
2018,міни,Івано-Франківська,4.0
2019,міни,Івано-Франківська,
2020,міни,Івано-Франківська,
2021,міни,Івано-Франківська,
2015,саморобні вибухові пристрої,Івано-Франківська,
2016,саморобні вибухові пристрої,Івано-Франківська,2.0
2017,саморобні вибухові пристрої,Івано-Франківська,1.0
2018,саморобні вибухові пристрої,Івано-Франківська,
2019,саморобні вибухові пристрої,Івано-Франківська,
2020,саморобні вибухові пристрої,Івано-Франківська,
2021,саморобні вибухові пристрої,Івано-Франківська,
2015,,Київська,8154.0
2016,,Київська,10017.0
2017,,Київська,32340.0
2018,,Київська,5467.0
2019,,Київська,6608.0
2020,,Київська,3945.0
2021,,Київська,2838.0
2015,патрони,Київська,8122.0
2016,патрони,Київська,9976.0
2017,патрони,Київська,32203.0
2018,патрони,Київська,5423.0
2019,патрони,Київська,6548.0
2020,патрони,Київська,3906.0
2021,патрони,Київська,2815.0
2015,гранати,Київська,32.0
2016,гранати,Київська,41.0
2017,гранати,Київська,136.0
2018,гранати,Київська,43.0
2019,гранати,Київська,58.0
2020,гранати,Київська,39.0
2021,гранати,Київська,23.0
2015,міни,Київська,
2016,міни,Київська,
2017,міни,Київська,
2018,міни,Київська,
2019,міни,Київська,
2020,міни,Київська,
2021,міни,Київська,
2015,саморобні вибухові пристрої,Київська,
2016,саморобні вибухові пристрої,Київська,
2017,саморобні вибухові пристрої,Київська,1.0
2018,саморобні вибухові пристрої,Київська,1.0
2019,саморобні вибухові пристрої,Київська,2.0
2020,саморобні вибухові пристрої,Київська,
2021,саморобні вибухові пристрої,Київська,
2015,,Кіровоградська,2361.0
2016,,Кіровоградська,1256.0
2017,,Кіровоградська,5508.0
2018,,Кіровоградська,8830.0
2019,,Кіровоградська,4151.0
2020,,Кіровоградська,4836.0
2021,,Кіровоградська,3948.0
2015,патрони,Кіровоградська,2286.0
2016,патрони,Кіровоградська,1239.0
2017,патрони,Кіровоградська,5481.0
2018,патрони,Кіровоградська,8771.0
2019,патрони,Кіровоградська,4100.0
2020,патрони,Кіровоградська,4777.0
2021,патрони,Кіровоградська,3908.0
2015,гранати,Кіровоградська,74.0
2016,гранати,Кіровоградська,13.0
2017,гранати,Кіровоградська,16.0
2018,гранати,Кіровоградська,53.0
2019,гранати,Кіровоградська,49.0
2020,гранати,Кіровоградська,41.0
2021,гранати,Кіровоградська,34.0
2015,міни,Кіровоградська,
2016,міни,Кіровоградська,
2017,міни,Кіровоградська,11.0
2018,міни,Кіровоградська,3.0
2019,міни,Кіровоградська,2.0
2020,міни,Кіровоградська,
2021,міни,Кіровоградська,
2015,саморобні вибухові пристрої,Кіровоградська,1.0
2016,саморобні вибухові пристрої,Кіровоградська,4.0
2017,саморобні вибухові пристрої,Кіровоградська,
2018,саморобні вибухові пристрої,Кіровоградська,3.0
2019,саморобні вибухові пристрої,Кіровоградська,
2020,саморобні вибухові пристрої,Кіровоградська,18.0
2021,саморобні вибухові пристрої,Кіровоградська,6.0
2015,,Луганська,16674.0
2016,,Луганська,16888.0
2017,,Луганська,14655.0
2018,,Луганська,15700.0
2019,,Луганська,15017.0
2020,,Луганська,16238.0
2021,,Луганська,11387.0
2015,патрони,Луганська,16453.0
2016,патрони,Луганська,16764.0
2017,патрони,Луганська,14436.0
2018,патрони,Луганська,15485.0
2019,патрони,Луганська,14907.0
2020,патрони,Луганська,16099.0
2021,патрони,Луганська,11317.0
2015,гранати,Луганська,214.0
2016,гранати,Луганська,123.0
2017,гранати,Луганська,216.0
2018,гранати,Луганська,205.0
2019,гранати,Луганська,109.0
2020,гранати,Луганська,135.0
2021,гранати,Луганська,68.0
2015,міни,Луганська,3.0
2016,міни,Луганська,
2017,міни,Луганська,2.0
2018,міни,Луганська,5.0
2019,міни,Луганська,1.0
2020,міни,Луганська,1.0
2021,міни,Луганська,
2015,саморобні вибухові пристрої,Луганська,4.0
2016,саморобні вибухові пристрої,Луганська,1.0
2017,саморобні вибухові пристрої,Луганська,1.0
2018,саморобні вибухові пристрої,Луганська,5.0
2019,саморобні вибухові пристрої,Луганська,
2020,саморобні вибухові пристрої,Луганська,3.0
2021,саморобні вибухові пристрої,Луганська,2.0
2015,,Львівська,2435.0
2016,,Львівська,1399.0
2017,,Львівська,10073.0
2018,,Львівська,4847.0
2019,,Львівська,4685.0
2020,,Львівська,4560.0
2021,,Львівська,6063.0
2015,патрони,Львівська,2418.0
2016,патрони,Львівська,1386.0
2017,патрони,Львівська,10006.0
2018,патрони,Львівська,4813.0
2019,патрони,Львівська,4650.0
2020,патрони,Львівська,4545.0
2021,патрони,Львівська,6046.0
2015,гранати,Львівська,17.0
2016,гранати,Львівська,13.0
2017,гранати,Львівська,42.0
2018,гранати,Львівська,34.0
2019,гранати,Львівська,34.0
2020,гранати,Львівська,15.0
2021,гранати,Львівська,15.0
2015,міни,Львівська,
2016,міни,Львівська,
2017,міни,Львівська,
2018,міни,Львівська,
2019,міни,Львівська,
2020,міни,Львівська,
2021,міни,Львівська,
2015,саморобні вибухові пристрої,Львівська,
2016,саморобні вибухові пристрої,Львівська,
2017,саморобні вибухові пристрої,Львівська,25.0
2018,саморобні вибухові пристрої,Львівська,
2019,саморобні вибухові пристрої,Львівська,1.0
2020,саморобні вибухові пристрої,Львівська,
2021,саморобні вибухові пристрої,Львівська,2.0
2015,,Миколаївська,9515.0
2016,,Миколаївська,2834.0
2017,,Миколаївська,6209.0
2018,,Миколаївська,8323.0
2019,,Миколаївська,4231.0
2020,,Миколаївська,1624.0
2021,,Миколаївська,4280.0
2015,патрони,Миколаївська,9451.0
2016,патрони,Миколаївська,2813.0
2017,патрони,Миколаївська,6175.0
2018,патрони,Миколаївська,8282.0
2019,патрони,Миколаївська,4198.0
2020,патрони,Миколаївська,1611.0
2021,патрони,Миколаївська,4267.0
2015,гранати,Миколаївська,61.0
2016,гранати,Миколаївська,18.0
2017,гранати,Миколаївська,33.0
2018,гранати,Миколаївська,41.0
2019,гранати,Миколаївська,32.0
2020,гранати,Миколаївська,13.0
2021,гранати,Миколаївська,13.0
2015,міни,Миколаївська,2.0
2016,міни,Миколаївська,
2017,міни,Миколаївська,
2018,міни,Миколаївська,
2019,міни,Миколаївська,1.0
2020,міни,Миколаївська,
2021,міни,Миколаївська,
2015,саморобні вибухові пристрої,Миколаївська,1.0
2016,саморобні вибухові пристрої,Миколаївська,3.0
2017,саморобні вибухові пристрої,Миколаївська,1.0
2018,саморобні вибухові пристрої,Миколаївська,
2019,саморобні вибухові пристрої,Миколаївська,
2020,саморобні вибухові пристрої,Миколаївська,
2021,саморобні вибухові пристрої,Миколаївська,
2015,,Одеська,21340.0
2016,,Одеська,3665.0
2017,,Одеська,5009.0
2018,,Одеська,12350.0
2019,,Одеська,11256.0
2020,,Одеська,5687.0
2021,,Одеська,6878.0
2015,патрони,Одеська,21301.0
2016,патрони,Одеська,3622.0
2017,патрони,Одеська,4986.0
2018,патрони,Одеська,12303.0
2019,патрони,Одеська,11180.0
2020,патрони,Одеська,5635.0
2021,патрони,Одеська,6817.0
2015,гранати,Одеська,38.0
2016,гранати,Одеська,20.0
2017,гранати,Одеська,22.0
2018,гранати,Одеська,46.0
2019,гранати,Одеська,73.0
2020,гранати,Одеська,52.0
2021,гранати,Одеська,61.0
2015,міни,Одеська,
2016,міни,Одеська,
2017,міни,Одеська,
2018,міни,Одеська,1.0
2019,міни,Одеська,1.0
2020,міни,Одеська,
2021,міни,Одеська,
2015,саморобні вибухові пристрої,Одеська,1.0
2016,саморобні вибухові пристрої,Одеська,23.0
2017,саморобні вибухові пристрої,Одеська,1.0
2018,саморобні вибухові пристрої,Одеська,
2019,саморобні вибухові пристрої,Одеська,2.0
2020,саморобні вибухові пристрої,Одеська,
2021,саморобні вибухові пристрої,Одеська,
2015,,Полтавська,5632.0
2016,,Полтавська,7072.0
2017,,Полтавська,6276.0
2018,,Полтавська,5369.0
2019,,Полтавська,3343.0
2020,,Полтавська,5730.0
2021,,Полтавська,2392.0
2015,патрони,Полтавська,5588.0
2016,патрони,Полтавська,7025.0
2017,патрони,Полтавська,6219.0
2018,патрони,Полтавська,5327.0
2019,патрони,Полтавська,3308.0
2020,патрони,Полтавська,5713.0
2021,патрони,Полтавська,2377.0
2015,гранати,Полтавська,44.0
2016,гранати,Полтавська,47.0
2017,гранати,Полтавська,57.0
2018,гранати,Полтавська,35.0
2019,гранати,Полтавська,34.0
2020,гранати,Полтавська,16.0
2021,гранати,Полтавська,16.0
2015,міни,Полтавська,
2016,міни,Полтавська,
2017,міни,Полтавська,
2018,міни,Полтавська,
2019,міни,Полтавська,1.0
2020,міни,Полтавська,
2021,міни,Полтавська,
2015,саморобні вибухові пристрої,Полтавська,
2016,саморобні вибухові пристрої,Полтавська,
2017,саморобні вибухові пристрої,Полтавська,
2018,саморобні вибухові пристрої,Полтавська,7.0
2019,саморобні вибухові пристрої,Полтавська,
2020,саморобні вибухові пристрої,Полтавська,1.0
2021,саморобні вибухові пристрої,Полтавська,
2015,,Рівненська,3798.0
2016,,Рівненська,2783.0
2017,,Рівненська,5092.0
2018,,Рівненська,9344.0
2019,,Рівненська,14106.0
2020,,Рівненська,29331.0
2021,,Рівненська,4242.0
2015,патрони,Рівненська,3735.0
2016,патрони,Рівненська,2721.0
2017,патрони,Рівненська,5036.0
2018,патрони,Рівненська,9257.0
2019,патрони,Рівненська,13876.0
2020,патрони,Рівненська,29215.0
2021,патрони,Рівненська,4205.0
2015,гранати,Рівненська,62.0
2016,гранати,Рівненська,61.0
2017,гранати,Рівненська,53.0
2018,гранати,Рівненська,82.0
2019,гранати,Рівненська,211.0
2020,гранати,Рівненська,114.0
2021,гранати,Рівненська,37.0
2015,міни,Рівненська,
2016,міни,Рівненська,1.0
2017,міни,Рівненська,2.0
2018,міни,Рівненська,5.0
2019,міни,Рівненська,15.0
2020,міни,Рівненська,1.0
2021,міни,Рівненська,
2015,саморобні вибухові пристрої,Рівненська,1.0
2016,саморобні вибухові пристрої,Рівненська,
2017,саморобні вибухові пристрої,Рівненська,1.0
2018,саморобні вибухові пристрої,Рівненська,
2019,саморобні вибухові пристрої,Рівненська,4.0
2020,саморобні вибухові пристрої,Рівненська,1.0
2021,саморобні вибухові пристрої,Рівненська,
2015,,Сумська,3254.0
2016,,Сумська,3283.0
2017,,Сумська,12851.0
2018,,Сумська,3590.0
2019,,Сумська,2556.0
2020,,Сумська,2125.0
2021,,Сумська,2526.0
2015,патрони,Сумська,3159.0
2016,патрони,Сумська,3248.0
2017,патрони,Сумська,12806.0
2018,патрони,Сумська,3557.0
2019,патрони,Сумська,2537.0
2020,патрони,Сумська,2114.0
2021,патрони,Сумська,2486.0
2015,гранати,Сумська,92.0
2016,гранати,Сумська,15.0
2017,гранати,Сумська,44.0
2018,гранати,Сумська,33.0
2019,гранати,Сумська,9.0
2020,гранати,Сумська,11.0
2021,гранати,Сумська,40.0
2015,міни,Сумська,1.0
2016,міни,Сумська,20.0
2017,міни,Сумська,
2018,міни,Сумська,
2019,міни,Сумська,10.0
2020,міни,Сумська,
2021,міни,Сумська,
2015,саморобні вибухові пристрої,Сумська,2.0
2016,саморобні вибухові пристрої,Сумська,
2017,саморобні вибухові пристрої,Сумська,1.0
2018,саморобні вибухові пристрої,Сумська,
2019,саморобні вибухові пристрої,Сумська,
2020,саморобні вибухові пристрої,Сумська,
2021,саморобні вибухові пристрої,Сумська,
2015,,Тернопільська,2074.0
2016,,Тернопільська,1674.0
2017,,Тернопільська,4576.0
2018,,Тернопільська,2867.0
2019,,Тернопільська,2248.0
2020,,Тернопільська,2046.0
2021,,Тернопільська,2201.0
2015,патрони,Тернопільська,2056.0
2016,патрони,Тернопільська,1658.0
2017,патрони,Тернопільська,4543.0
2018,патрони,Тернопільська,2830.0
2019,патрони,Тернопільська,2211.0
2020,патрони,Тернопільська,2022.0
2021,патрони,Тернопільська,2172.0
2015,гранати,Тернопільська,18.0
2016,гранати,Тернопільська,16.0
2017,гранати,Тернопільська,33.0
2018,гранати,Тернопільська,36.0
2019,гранати,Тернопільська,26.0
2020,гранати,Тернопільська,24.0
2021,гранати,Тернопільська,29.0
2015,міни,Тернопільська,
2016,міни,Тернопільська,
2017,міни,Тернопільська,
2018,міни,Тернопільська,
2019,міни,Тернопільська,
2020,міни,Тернопільська,
2021,міни,Тернопільська,
2015,саморобні вибухові пристрої,Тернопільська,
2016,саморобні вибухові пристрої,Тернопільська,
2017,саморобні вибухові пристрої,Тернопільська,
2018,саморобні вибухові пристрої,Тернопільська,1.0
2019,саморобні вибухові пристрої,Тернопільська,11.0
2020,саморобні вибухові пристрої,Тернопільська,
2021,саморобні вибухові пристрої,Тернопільська,
2015,,Харківська,15470.0
2016,,Харківська,10051.0
2017,,Харківська,12498.0
2018,,Харківська,9327.0
2019,,Харківська,5971.0
2020,,Харківська,10032.0
2021,,Харківська,6714.0
2015,патрони,Харківська,15215.0
2016,патрони,Харківська,9960.0
2017,патрони,Харківська,12365.0
2018,патрони,Харківська,9164.0
2019,патрони,Харківська,5768.0
2020,патрони,Харківська,9837.0
2021,патрони,Харківська,6637.0
2015,гранати,Харківська,247.0
2016,гранати,Харківська,81.0
2017,гранати,Харківська,117.0
2018,гранати,Харківська,149.0
2019,гранати,Харківська,162.0
2020,гранати,Харківська,115.0
2021,гранати,Харківська,74.0
2015,міни,Харківська,4.0
2016,міни,Харківська,10.0
2017,міни,Харківська,10.0
2018,міни,Харківська,11.0
2019,міни,Харківська,39.0
2020,міни,Харківська,8.0
2021,міни,Харківська,
2015,саморобні вибухові пристрої,Харківська,4.0
2016,саморобні вибухові пристрої,Харківська,
2017,саморобні вибухові пристрої,Харківська,6.0
2018,саморобні вибухові пристрої,Харківська,3.0
2019,саморобні вибухові пристрої,Харківська,2.0
2020,саморобні вибухові пристрої,Харківська,72.0
2021,саморобні вибухові пристрої,Харківська,3.0
2015,,Херсонська,4280.0
2016,,Херсонська,3330.0
2017,,Херсонська,6172.0
2018,,Херсонська,39934.0
2019,,Херсонська,6161.0
2020,,Херсонська,5022.0
2021,,Херсонська,5452.0
2015,патрони,Херсонська,4257.0
2016,патрони,Херсонська,3299.0
2017,патрони,Херсонська,6117.0
2018,патрони,Херсонська,39807.0
2019,патрони,Херсонська,6124.0
2020,патрони,Херсонська,4992.0
2021,патрони,Херсонська,5385.0
2015,гранати,Херсонська,23.0
2016,гранати,Херсонська,30.0
2017,гранати,Херсонська,48.0
2018,гранати,Херсонська,123.0
2019,гранати,Херсонська,35.0
2020,гранати,Херсонська,28.0
2021,гранати,Херсонська,66.0
2015,міни,Херсонська,
2016,міни,Херсонська,
2017,міни,Херсонська,7.0
2018,міни,Херсонська,2.0
2019,міни,Херсонська,1.0
2020,міни,Херсонська,
2021,міни,Херсонська,1.0
2015,саморобні вибухові пристрої,Херсонська,
2016,саморобні вибухові пристрої,Херсонська,1.0
2017,саморобні вибухові пристрої,Херсонська,
2018,саморобні вибухові пристрої,Херсонська,2.0
2019,саморобні вибухові пристрої,Херсонська,1.0
2020,саморобні вибухові пристрої,Херсонська,2.0
2021,саморобні вибухові пристрої,Херсонська,
2015,,Хмельницька,1271.0
2016,,Хмельницька,1002.0
2017,,Хмельницька,9839.0
2018,,Хмельницька,4023.0
2019,,Хмельницька,3376.0
2020,,Хмельницька,3404.0
2021,,Хмельницька,3309.0
2015,патрони,Хмельницька,1255.0
2016,патрони,Хмельницька,994.0
2017,патрони,Хмельницька,9813.0
2018,патрони,Хмельницька,3994.0
2019,патрони,Хмельницька,3177.0
2020,патрони,Хмельницька,3396.0
2021,патрони,Хмельницька,3294.0
2015,гранати,Хмельницька,16.0
2016,гранати,Хмельницька,8.0
2017,гранати,Хмельницька,24.0
2018,гранати,Хмельницька,26.0
2019,гранати,Хмельницька,199.0
2020,гранати,Хмельницька,8.0
2021,гранати,Хмельницька,15.0
2015,міни,Хмельницька,
2016,міни,Хмельницька,
2017,міни,Хмельницька,
2018,міни,Хмельницька,
2019,міни,Хмельницька,
2020,міни,Хмельницька,
2021,міни,Хмельницька,
2015,саморобні вибухові пристрої,Хмельницька,
2016,саморобні вибухові пристрої,Хмельницька,
2017,саморобні вибухові пристрої,Хмельницька,2.0
2018,саморобні вибухові пристрої,Хмельницька,3.0
2019,саморобні вибухові пристрої,Хмельницька,
2020,саморобні вибухові пристрої,Хмельницька,
2021,саморобні вибухові пристрої,Хмельницька,
2015,,Черкаська,3016.0
2016,,Черкаська,4663.0
2017,,Черкаська,3576.0
2018,,Черкаська,2601.0
2019,,Черкаська,2791.0
2020,,Черкаська,2852.0
2021,,Черкаська,3585.0
2015,патрони,Черкаська,2972.0
2016,патрони,Черкаська,4619.0
2017,патрони,Черкаська,3514.0
2018,патрони,Черкаська,2549.0
2019,патрони,Черкаська,2751.0
2020,патрони,Черкаська,2832.0
2021,патрони,Черкаська,3572.0
2015,гранати,Черкаська,37.0
2016,гранати,Черкаська,44.0
2017,гранати,Черкаська,54.0
2018,гранати,Черкаська,51.0
2019,гранати,Черкаська,35.0
2020,гранати,Черкаська,19.0
2021,гранати,Черкаська,12.0
2015,міни,Черкаська,6.0
2016,міни,Черкаська,
2017,міни,Черкаська,8.0
2018,міни,Черкаська,
2019,міни,Черкаська,5.0
2020,міни,Черкаська,
2021,міни,Черкаська,
2015,саморобні вибухові пристрої,Черкаська,1.0
2016,саморобні вибухові пристрої,Черкаська,
2017,саморобні вибухові пристрої,Черкаська,
2018,саморобні вибухові пристрої,Черкаська,1.0
2019,саморобні вибухові пристрої,Черкаська,
2020,саморобні вибухові пристрої,Черкаська,1.0
2021,саморобні вибухові пристрої,Черкаська,1.0
2015,,Чернівецька,921.0
2016,,Чернівецька,196.0
2017,,Чернівецька,1668.0
2018,,Чернівецька,3538.0
2019,,Чернівецька,1956.0
2020,,Чернівецька,5455.0
2021,,Чернівецька,1328.0
2015,патрони,Чернівецька,911.0
2016,патрони,Чернівецька,192.0
2017,патрони,Чернівецька,1659.0
2018,патрони,Чернівецька,3528.0
2019,патрони,Чернівецька,1903.0
2020,патрони,Чернівецька,5448.0
2021,патрони,Чернівецька,1323.0
2015,гранати,Чернівецька,10.0
2016,гранати,Чернівецька,4.0
2017,гранати,Чернівецька,9.0
2018,гранати,Чернівецька,10.0
2019,гранати,Чернівецька,53.0
2020,гранати,Чернівецька,7.0
2021,гранати,Чернівецька,5.0
2015,міни,Чернівецька,
2016,міни,Чернівецька,
2017,міни,Чернівецька,
2018,міни,Чернівецька,
2019,міни,Чернівецька,
2020,міни,Чернівецька,
2021,міни,Чернівецька,
2015,саморобні вибухові пристрої,Чернівецька,
2016,саморобні вибухові пристрої,Чернівецька,
2017,саморобні вибухові пристрої,Чернівецька,
2018,саморобні вибухові пристрої,Чернівецька,
2019,саморобні вибухові пристрої,Чернівецька,
2020,саморобні вибухові пристрої,Чернівецька,
2021,саморобні вибухові пристрої,Чернівецька,
2015,,Чернігівська,6855.0
2016,,Чернігівська,3185.0
2017,,Чернігівська,4742.0
2018,,Чернігівська,8477.0
2019,,Чернігівська,3672.0
2020,,Чернігівська,4431.0
2021,,Чернігівська,5061.0
2015,патрони,Чернігівська,6811.0
2016,патрони,Чернігівська,3158.0
2017,патрони,Чернігівська,4728.0
2018,патрони,Чернігівська,8429.0
2019,патрони,Чернігівська,3654.0
2020,патрони,Чернігівська,4413.0
2021,патрони,Чернігівська,5051.0
2015,гранати,Чернігівська,44.0
2016,гранати,Чернігівська,26.0
2017,гранати,Чернігівська,13.0
2018,гранати,Чернігівська,47.0
2019,гранати,Чернігівська,18.0
2020,гранати,Чернігівська,18.0
2021,гранати,Чернігівська,10.0
2015,міни,Чернігівська,
2016,міни,Чернігівська,
2017,міни,Чернігівська,
2018,міни,Чернігівська,
2019,міни,Чернігівська,
2020,міни,Чернігівська,
2021,міни,Чернігівська,
2015,саморобні вибухові пристрої,Чернігівська,
2016,саморобні вибухові пристрої,Чернігівська,1.0
2017,саморобні вибухові пристрої,Чернігівська,1.0
2018,саморобні вибухові пристрої,Чернігівська,1.0
2019,саморобні вибухові пристрої,Чернігівська,
2020,саморобні вибухові пристрої,Чернігівська,
2021,саморобні вибухові пристрої,Чернігівська,
2015,,місто Київ,9851.0
2016,,місто Київ,6250.0
2017,,місто Київ,7531.0
2018,,місто Київ,26260.0
2019,,місто Київ,7857.0
2020,,місто Київ,4715.0
2021,,місто Київ,5985.0
2015,патрони,місто Київ,9808.0
2016,патрони,місто Київ,6164.0
2017,патрони,місто Київ,7394.0
2018,патрони,місто Київ,26130.0
2019,патрони,місто Київ,7799.0
2020,патрони,місто Київ,4673.0
2021,патрони,місто Київ,5923.0
2015,гранати,місто Київ,42.0
2016,гранати,місто Київ,86.0
2017,гранати,місто Київ,136.0
2018,гранати,місто Київ,109.0
2019,гранати,місто Київ,53.0
2020,гранати,місто Київ,29.0
2021,гранати,місто Київ,35.0
2015,міни,місто Київ,
2016,міни,місто Київ,
2017,міни,місто Київ,
2018,міни,місто Київ,9.0
2019,міни,місто Київ,
2020,міни,місто Київ,
2021,міни,місто Київ,
2015,саморобні вибухові пристрої,місто Київ,1.0
2016,саморобні вибухові пристрої,місто Київ,
2017,саморобні вибухові пристрої,місто Київ,1.0
2018,саморобні вибухові пристрої,місто Київ,12.0
2019,саморобні вибухові пристрої,місто Київ,5.0
2020,саморобні вибухові пристрої,місто Київ,13.0
2021,саморобні вибухові пристрої,місто Київ,27.0
