Year,Область,Value
2015,,
2016,,121.0
2017,,167.0
2018,,112.0
2019,,10.0
2020,,41.0
2021,,32.0
2022,,24.0
2015,Донецька,
2016,Донецька,
2017,Донецька,
2018,Донецька,
2019,Донецька,
2020,Донецька,18.0
2021,Донецька,18.0
2022,Донецька,24.0
2015,Луганська,
2016,Луганська,
2017,Луганська,
2018,Луганська,
2019,Луганська,
2020,Луганська,23.0
2021,Луганська,14.0
2022,Луганська,
