Year,Gender,Type of residence,Unit,Value
2015,,,Percentage,
2016,,,Percentage,
2017,,,Percentage,
2018,,,Percentage,
2019,,,Percentage,
2020,,,Percentage,212.0
2015,female,,min_day,
2016,female,,min_day,
2017,female,,min_day,
2018,female,,min_day,
2019,female,,min_day,
2020,female,,min_day,274.0
2015,male,,min_day,
2016,male,,min_day,
2017,male,,min_day,
2018,male,,min_day,
2019,male,,min_day,
2020,male,,min_day,129.0
2015,,urban,Percentage,
2016,,urban,Percentage,
2017,,urban,Percentage,
2018,,urban,Percentage,
2019,,urban,Percentage,
2020,,urban,Percentage,207.0
2015,female,urban,min_day,
2016,female,urban,min_day,
2017,female,urban,min_day,
2018,female,urban,min_day,
2019,female,urban,min_day,
2020,female,urban,min_day,257.0
2015,male,urban,min_day,
2016,male,urban,min_day,
2017,male,urban,min_day,
2018,male,urban,min_day,
2019,male,urban,min_day,
2020,male,urban,min_day,124.0
2015,,rural,Percentage,
2016,,rural,Percentage,
2017,,rural,Percentage,
2018,,rural,Percentage,
2019,,rural,Percentage,
2020,,rural,Percentage,256.0
2015,female,rural,min_day,
2016,female,rural,min_day,
2017,female,rural,min_day,
2018,female,rural,min_day,
2019,female,rural,min_day,
2020,female,rural,min_day,382.0
2015,male,rural,min_day,
2016,male,rural,min_day,
2017,male,rural,min_day,
2018,male,rural,min_day,
2019,male,rural,min_day,
2020,male,rural,min_day,149.0
