Year,Види економічної діяльності,включаючи,Value
2015,,,28.9
2016,,,
2017,,,28.4
2018,,,
2019,,,29.6
2020,,,
2015,Сільське господарство та надання пов’язаних із ним послуг,,11.2
2016,Сільське господарство та надання пов’язаних із ним послуг,,
2017,Сільське господарство та надання пов’язаних із ним послуг,,12.6
2018,Сільське господарство та надання пов’язаних із ним послуг,,
2019,Сільське господарство та надання пов’язаних із ним послуг,,14.5
2020,Сільське господарство та надання пов’язаних із ним послуг,,
2015,Промисловість,,35.3
2016,Промисловість,,
2017,Промисловість,,34.1
2018,Промисловість,,
2019,Промисловість,,34.0
2020,Промисловість,,
2015,Добувна промисловість і розроблення кар’єрів,,68.7
2016,Добувна промисловість і розроблення кар’єрів,,
2017,Добувна промисловість і розроблення кар’єрів,,67.9
2018,Добувна промисловість і розроблення кар’єрів,,
2019,Добувна промисловість і розроблення кар’єрів,,66.5
2020,Добувна промисловість і розроблення кар’єрів,,
2015,Добувна промисловість і розроблення кар’єрів,добування кам’яного та бурого вугілля,82.0
2016,Добувна промисловість і розроблення кар’єрів,добування кам’яного та бурого вугілля,
2017,Добувна промисловість і розроблення кар’єрів,добування кам’яного та бурого вугілля,81.2
2018,Добувна промисловість і розроблення кар’єрів,добування кам’яного та бурого вугілля,
2019,Добувна промисловість і розроблення кар’єрів,добування кам’яного та бурого вугілля,78.6
2020,Добувна промисловість і розроблення кар’єрів,добування кам’яного та бурого вугілля,
2015,Переробна промисловість,,29.2
2016,Переробна промисловість,,
2017,Переробна промисловість,,27.8
2018,Переробна промисловість,,
2019,Переробна промисловість,,28.5
2020,Переробна промисловість,,
2015,Переробна промисловість,"виробництво харчових продуктів, напоїв та тютюнових виробів",17.3
2016,Переробна промисловість,"виробництво харчових продуктів, напоїв та тютюнових виробів",
2017,Переробна промисловість,"виробництво харчових продуктів, напоїв та тютюнових виробів",19.5
2018,Переробна промисловість,"виробництво харчових продуктів, напоїв та тютюнових виробів",
2019,Переробна промисловість,"виробництво харчових продуктів, напоїв та тютюнових виробів",20.5
2020,Переробна промисловість,"виробництво харчових продуктів, напоїв та тютюнових виробів",
2015,Переробна промисловість,"текстильне виробництво, виробництво одягу, шкіри, виробів зі шкіри та інших матеріалів",9.5
2016,Переробна промисловість,"текстильне виробництво, виробництво одягу, шкіри, виробів зі шкіри та інших матеріалів",
2017,Переробна промисловість,"текстильне виробництво, виробництво одягу, шкіри, виробів зі шкіри та інших матеріалів",11.1
2018,Переробна промисловість,"текстильне виробництво, виробництво одягу, шкіри, виробів зі шкіри та інших матеріалів",
2019,Переробна промисловість,"текстильне виробництво, виробництво одягу, шкіри, виробів зі шкіри та інших матеріалів",12.1
2020,Переробна промисловість,"текстильне виробництво, виробництво одягу, шкіри, виробів зі шкіри та інших матеріалів",
2015,Переробна промисловість,"виготовлення виробів з деревини, виробництво паперу та поліграфічна діяльність",22.5
2016,Переробна промисловість,"виготовлення виробів з деревини, виробництво паперу та поліграфічна діяльність",
2017,Переробна промисловість,"виготовлення виробів з деревини, виробництво паперу та поліграфічна діяльність",23.7
2018,Переробна промисловість,"виготовлення виробів з деревини, виробництво паперу та поліграфічна діяльність",
2019,Переробна промисловість,"виготовлення виробів з деревини, виробництво паперу та поліграфічна діяльність",25.6
2020,Переробна промисловість,"виготовлення виробів з деревини, виробництво паперу та поліграфічна діяльність",
2015,Переробна промисловість,виробництво коксу та продуктів нафтоперероблення,58.5
2016,Переробна промисловість,виробництво коксу та продуктів нафтоперероблення,
2017,Переробна промисловість,виробництво коксу та продуктів нафтоперероблення,61.3
2018,Переробна промисловість,виробництво коксу та продуктів нафтоперероблення,
2019,Переробна промисловість,виробництво коксу та продуктів нафтоперероблення,59.5
2020,Переробна промисловість,виробництво коксу та продуктів нафтоперероблення,
2015,Переробна промисловість,виробництво хімічних речовин і хімічної продукції,37.2
2016,Переробна промисловість,виробництво хімічних речовин і хімічної продукції,
2017,Переробна промисловість,виробництво хімічних речовин і хімічної продукції,33.4
2018,Переробна промисловість,виробництво хімічних речовин і хімічної продукції,
2019,Переробна промисловість,виробництво хімічних речовин і хімічної продукції,37.3
2020,Переробна промисловість,виробництво хімічних речовин і хімічної продукції,
2015,Переробна промисловість,виробництво основних фармацевтичних продуктів і фармацевтичних препаратів,21.2
2016,Переробна промисловість,виробництво основних фармацевтичних продуктів і фармацевтичних препаратів,
2017,Переробна промисловість,виробництво основних фармацевтичних продуктів і фармацевтичних препаратів,19.1
2018,Переробна промисловість,виробництво основних фармацевтичних продуктів і фармацевтичних препаратів,
2019,Переробна промисловість,виробництво основних фармацевтичних продуктів і фармацевтичних препаратів,20.0
2020,Переробна промисловість,виробництво основних фармацевтичних продуктів і фармацевтичних препаратів,
2015,Переробна промисловість,"виробництво гумових і пластмасових виробів, іншої неметалевої мінеральної продукції",26.9
2016,Переробна промисловість,"виробництво гумових і пластмасових виробів, іншої неметалевої мінеральної продукції",
2017,Переробна промисловість,"виробництво гумових і пластмасових виробів, іншої неметалевої мінеральної продукції",29.7
2018,Переробна промисловість,"виробництво гумових і пластмасових виробів, іншої неметалевої мінеральної продукції",
2019,Переробна промисловість,"виробництво гумових і пластмасових виробів, іншої неметалевої мінеральної продукції",28.3
2020,Переробна промисловість,"виробництво гумових і пластмасових виробів, іншої неметалевої мінеральної продукції",
2015,Переробна промисловість,"металургійне виробництво, виробництво готових металевих виробів, крім машин і устатковання",57.7
2016,Переробна промисловість,"металургійне виробництво, виробництво готових металевих виробів, крім машин і устатковання",
2017,Переробна промисловість,"металургійне виробництво, виробництво готових металевих виробів, крім машин і устатковання",56.3
2018,Переробна промисловість,"металургійне виробництво, виробництво готових металевих виробів, крім машин і устатковання",
2019,Переробна промисловість,"металургійне виробництво, виробництво готових металевих виробів, крім машин і устатковання",55.4
2020,Переробна промисловість,"металургійне виробництво, виробництво готових металевих виробів, крім машин і устатковання",
2015,Переробна промисловість,"виробництво комп’ютерів, електронної та оптичної продукції",14.7
2016,Переробна промисловість,"виробництво комп’ютерів, електронної та оптичної продукції",
2017,Переробна промисловість,"виробництво комп’ютерів, електронної та оптичної продукції",14.4
2018,Переробна промисловість,"виробництво комп’ютерів, електронної та оптичної продукції",
2019,Переробна промисловість,"виробництво комп’ютерів, електронної та оптичної продукції",13.2
2020,Переробна промисловість,"виробництво комп’ютерів, електронної та оптичної продукції",
2015,Переробна промисловість,виробництво електричного устатковання,23.7
2016,Переробна промисловість,виробництво електричного устатковання,
2017,Переробна промисловість,виробництво електричного устатковання,21.0
2018,Переробна промисловість,виробництво електричного устатковання,
2019,Переробна промисловість,виробництво електричного устатковання,19.4
2020,Переробна промисловість,виробництво електричного устатковання,
2015,Переробна промисловість,"виробництво машин і устатковання, не віднесених до інших угруповань",25.3
2016,Переробна промисловість,"виробництво машин і устатковання, не віднесених до інших угруповань",
2017,Переробна промисловість,"виробництво машин і устатковання, не віднесених до інших угруповань",21.9
2018,Переробна промисловість,"виробництво машин і устатковання, не віднесених до інших угруповань",
2019,Переробна промисловість,"виробництво машин і устатковання, не віднесених до інших угруповань",21.1
2020,Переробна промисловість,"виробництво машин і устатковання, не віднесених до інших угруповань",
2015,Переробна промисловість,"виробництво автотранспортних засобів, причепів і напівпричепів та інших транспортних засобів",21.5
2016,Переробна промисловість,"виробництво автотранспортних засобів, причепів і напівпричепів та інших транспортних засобів",
2017,Переробна промисловість,"виробництво автотранспортних засобів, причепів і напівпричепів та інших транспортних засобів",19.4
2018,Переробна промисловість,"виробництво автотранспортних засобів, причепів і напівпричепів та інших транспортних засобів",
2019,Переробна промисловість,"виробництво автотранспортних засобів, причепів і напівпричепів та інших транспортних засобів",19.4
2020,Переробна промисловість,"виробництво автотранспортних засобів, причепів і напівпричепів та інших транспортних засобів",
2015,Переробна промисловість,"виробництво меблів, іншої продукції, ремонт і монтаж машин і устатковання",30.3
2016,Переробна промисловість,"виробництво меблів, іншої продукції, ремонт і монтаж машин і устатковання",
2017,Переробна промисловість,"виробництво меблів, іншої продукції, ремонт і монтаж машин і устатковання",29.1
2018,Переробна промисловість,"виробництво меблів, іншої продукції, ремонт і монтаж машин і устатковання",
2019,Переробна промисловість,"виробництво меблів, іншої продукції, ремонт і монтаж машин і устатковання",33.9
2020,Переробна промисловість,"виробництво меблів, іншої продукції, ремонт і монтаж машин і устатковання",
2015,"Постачання електроенергії, газу, пари та кондиційованого повітря",,35.2
2016,"Постачання електроенергії, газу, пари та кондиційованого повітря",,
2017,"Постачання електроенергії, газу, пари та кондиційованого повітря",,34.9
2018,"Постачання електроенергії, газу, пари та кондиційованого повітря",,
2019,"Постачання електроенергії, газу, пари та кондиційованого повітря",,34.0
2020,"Постачання електроенергії, газу, пари та кондиційованого повітря",,
2015,"Водопостачання; каналізація, поводження з відходами",,35.3
2016,"Водопостачання; каналізація, поводження з відходами",,
2017,"Водопостачання; каналізація, поводження з відходами",,35.4
2018,"Водопостачання; каналізація, поводження з відходами",,
2019,"Водопостачання; каналізація, поводження з відходами",,36.5
2020,"Водопостачання; каналізація, поводження з відходами",,
2015,Будівництво,,20.8
2016,Будівництво,,
2017,Будівництво,,20.5
2018,Будівництво,,
2019,Будівництво,,22.5
2020,Будівництво,,
2015,"Транспорт, складське господарство, поштова та кур’єрська діяльність",,23.1
2016,"Транспорт, складське господарство, поштова та кур’єрська діяльність",,
2017,"Транспорт, складське господарство, поштова та кур’єрська діяльність",,23.5
2018,"Транспорт, складське господарство, поштова та кур’єрська діяльність",,
2019,"Транспорт, складське господарство, поштова та кур’єрська діяльність",,27.0
2020,"Транспорт, складське господарство, поштова та кур’єрська діяльність",,
2015,Телекомунікації (електрозв’язок),,11.4
2016,Телекомунікації (електрозв’язок),,
2017,Телекомунікації (електрозв’язок),,10.7
2018,Телекомунікації (електрозв’язок),,
2019,Телекомунікації (електрозв’язок),,11.1
2020,Телекомунікації (електрозв’язок),,
