Year,Область,Value
2015,,100
2016,,104
2017,,101
2018,,97
2019,,91
2020,,85
2021,,80
2015,Вінницька,100
2016,Вінницька,109
2017,Вінницька,98
2018,Вінницька,122
2019,Вінницька,115
2020,Вінницька,90
2021,Вінницька,106
2015,Волинська,100
2016,Волинська,92
2017,Волинська,87
2018,Волинська,90
2019,Волинська,98
2020,Волинська,65
2021,Волинська,78
2015,Дніпропетровська,100
2016,Дніпропетровська,119
2017,Дніпропетровська,116
2018,Дніпропетровська,99
2019,Дніпропетровська,100
2020,Дніпропетровська,71
2021,Дніпропетровська,72
2015,Донецька,100
2016,Донецька,99
2017,Донецька,90
2018,Донецька,84
2019,Донецька,70
2020,Донецька,61
2021,Донецька,67
2015,Житомирська,100
2016,Житомирська,126
2017,Житомирська,107
2018,Житомирська,111
2019,Житомирська,96
2020,Житомирська,76
2021,Житомирська,112
2015,Закарпатська,100
2016,Закарпатська,95
2017,Закарпатська,124
2018,Закарпатська,138
2019,Закарпатська,92
2020,Закарпатська,95
2021,Закарпатська,122
2015,17_reg_Zaporizhya,100
2016,17_reg_Zaporizhya,104
2017,17_reg_Zaporizhya,110
2018,17_reg_Zaporizhya,104
2019,17_reg_Zaporizhya,73
2020,17_reg_Zaporizhya,69
2021,17_reg_Zaporizhya,66
2015,Івано-Франківська,100
2016,Івано-Франківська,77
2017,Івано-Франківська,107
2018,Івано-Франківська,117
2019,Івано-Франківська,102
2020,Івано-Франківська,93
2021,Івано-Франківська,140
2015,Київська,100
2016,Київська,54
2017,Київська,60
2018,Київська,50
2019,Київська,61
2020,Київська,101
2021,Київська,64
2015,Кіровоградська,100
2016,Кіровоградська,145
2017,Кіровоградська,220
2018,Кіровоградська,169
2019,Кіровоградська,192
2020,Кіровоградська,106
2021,Кіровоградська,74
2015,Луганська,100
2016,Луганська,122
2017,Луганська,80
2018,Луганська,116
2019,Луганська,91
2020,Луганська,192
2021,Луганська,153
2015,Львівська,100
2016,Львівська,95
2017,Львівська,99
2018,Львівська,81
2019,Львівська,79
2020,Львівська,103
2021,Львівська,69
2015,Миколаївська,100
2016,Миколаївська,130
2017,Миколаївська,109
2018,Миколаївська,132
2019,Миколаївська,135
2020,Миколаївська,64
2021,Миколаївська,63
2015,Одеська,100
2016,Одеська,100
2017,Одеська,106
2018,Одеська,104
2019,Одеська,109
2020,Одеська,86
2021,Одеська,114
2015,Полтавська,100
2016,Полтавська,97
2017,Полтавська,90
2018,Полтавська,83
2019,Полтавська,86
2020,Полтавська,100
2021,Полтавська,85
2015,Рівненська,100
2016,Рівненська,127
2017,Рівненська,113
2018,Рівненська,113
2019,Рівненська,79
2020,Рівненська,89
2021,Рівненська,90
2015,Сумська,100
2016,Сумська,90
2017,Сумська,85
2018,Сумська,68
2019,Сумська,95
2020,Сумська,84
2021,Сумська,72
2015,Тернопільська,100
2016,Тернопільська,88
2017,Тернопільська,119
2018,Тернопільська,142
2019,Тернопільська,129
2020,Тернопільська,73
2021,Тернопільська,67
2015,Харківська,100
2016,Харківська,129
2017,Харківська,99
2018,Харківська,107
2019,Харківська,99
2020,Харківська,115
2021,Харківська,85
2015,Херсонська,100
2016,Херсонська,96
2017,Херсонська,107
2018,Херсонська,110
2019,Херсонська,95
2020,Херсонська,199
2021,Херсонська,67
2015,Хмельницька,100
2016,Хмельницька,124
2017,Хмельницька,122
2018,Хмельницька,121
2019,Хмельницька,131
2020,Хмельницька,110
2021,Хмельницька,86
2015,Черкаська,100
2016,Черкаська,77
2017,Черкаська,82
2018,Черкаська,82
2019,Черкаська,74
2020,Черкаська,117
2021,Черкаська,128
2015,Чернівецька,100
2016,Чернівецька,120
2017,Чернівецька,113
2018,Чернівецька,120
2019,Чернівецька,127
2020,Чернівецька,68
2021,Чернівецька,78
2015,Чернігівська,100
2016,Чернігівська,105
2017,Чернігівська,99
2018,Чернігівська,98
2019,Чернігівська,94
2020,Чернігівська,120
2021,Чернігівська,117
2015,місто Київ,100
2016,місто Київ,105
2017,місто Київ,106
2018,місто Київ,91
2019,місто Київ,86
2020,місто Київ,69
2021,місто Київ,85
