Year,Види економічної діяльності,Value
2015,,1.4
2016,,
2017,,0.7
2018,,0.8
2019,,1.3
2020,,1.9
2015,Добувна промисловість і розроблення кар'єрів,0.0
2016,Добувна промисловість і розроблення кар'єрів,
2017,Добувна промисловість і розроблення кар'єрів,0.1
2018,Добувна промисловість і розроблення кар'єрів,0.1
2019,Добувна промисловість і розроблення кар'єрів,0.2
2020,Добувна промисловість і розроблення кар'єрів,1.8
2015,Добування кам'яного та бурого вугілля,
2016,Добування кам'яного та бурого вугілля,
2017,Добування кам'яного та бурого вугілля,
2018,Добування кам'яного та бурого вугілля,0.0
2019,Добування кам'яного та бурого вугілля,0.0
2020,Добування кам'яного та бурого вугілля,
2015,Добування сирої нафти та природного газу,
2016,Добування сирої нафти та природного газу,
2017,Добування сирої нафти та природного газу,0.0
2018,Добування сирої нафти та природного газу,0.0
2019,Добування сирої нафти та природного газу,0.0
2020,Добування сирої нафти та природного газу,
2015,Добування металевих руд,
2016,Добування металевих руд,
2017,Добування металевих руд,0.0
2018,Добування металевих руд,0.2
2019,Добування металевих руд,0.3
2020,Добування металевих руд,
2015,Добування інших корисних копалин та розроблення кар'єрів,0.5
2016,Добування інших корисних копалин та розроблення кар'єрів,
2017,Добування інших корисних копалин та розроблення кар'єрів,0.3
2018,Добування інших корисних копалин та розроблення кар'єрів,0.1
2019,Добування інших корисних копалин та розроблення кар'єрів,0.4
2020,Добування інших корисних копалин та розроблення кар'єрів,0.1
2015,Надання допоміжних послуг у сфері добувної промисловості та розроблення кар'єрів,0.0
2016,Надання допоміжних послуг у сфері добувної промисловості та розроблення кар'єрів,
2017,Надання допоміжних послуг у сфері добувної промисловості та розроблення кар'єрів,0.6
2018,Надання допоміжних послуг у сфері добувної промисловості та розроблення кар'єрів,0.0
2019,Надання допоміжних послуг у сфері добувної промисловості та розроблення кар'єрів,1.1
2020,Надання допоміжних послуг у сфері добувної промисловості та розроблення кар'єрів,2.5
2015,Переробна промисловість,2.1
2016,Переробна промисловість,
2017,Переробна промисловість,1.2
2018,Переробна промисловість,1.3
2019,Переробна промисловість,1.9
2020,Переробна промисловість,2.4
2015,Виробництво харчових продуктів,1.2
2016,Виробництво харчових продуктів,
2017,Виробництво харчових продуктів,0.6
2018,Виробництво харчових продуктів,0.8
2019,Виробництво харчових продуктів,0.9
2020,Виробництво харчових продуктів,1.1
2015,Виробництво напоїв,2.6
2016,Виробництво напоїв,
2017,Виробництво напоїв,3.2
2018,Виробництво напоїв,3.1
2019,Виробництво напоїв,2.3
2020,Виробництво напоїв,1.6
2015,Виробництво тютюнових виробів,0.4
2016,Виробництво тютюнових виробів,
2017,Виробництво тютюнових виробів,0.8
2018,Виробництво тютюнових виробів,0.2
2019,Виробництво тютюнових виробів,
2020,Виробництво тютюнових виробів,
2015,Текстильне виробництво,1.6
2016,Текстильне виробництво,
2017,Текстильне виробництво,3.9
2018,Текстильне виробництво,1.1
2019,Текстильне виробництво,0.4
2020,Текстильне виробництво,1.3
2015,Виробництво одягу,0.6
2016,Виробництво одягу,
2017,Виробництво одягу,0.4
2018,Виробництво одягу,0.7
2019,Виробництво одягу,0.2
2020,Виробництво одягу,
2015,"Виробництво шкіри, виробів зі шкіри та інших матеріалів",0.1
2016,"Виробництво шкіри, виробів зі шкіри та інших матеріалів",
2017,"Виробництво шкіри, виробів зі шкіри та інших матеріалів",0.2
2018,"Виробництво шкіри, виробів зі шкіри та інших матеріалів",3.6
2019,"Виробництво шкіри, виробів зі шкіри та інших матеріалів",
2020,"Виробництво шкіри, виробів зі шкіри та інших матеріалів",
2015,"Оброблення деревини та виготовлення виробів з деревини та корка, крім меблів; виготовлення виробів із соломки та рослинних матеріалів для плетіння",0.3
2016,"Оброблення деревини та виготовлення виробів з деревини та корка, крім меблів; виготовлення виробів із соломки та рослинних матеріалів для плетіння",
2017,"Оброблення деревини та виготовлення виробів з деревини та корка, крім меблів; виготовлення виробів із соломки та рослинних матеріалів для плетіння",0.3
2018,"Оброблення деревини та виготовлення виробів з деревини та корка, крім меблів; виготовлення виробів із соломки та рослинних матеріалів для плетіння",0.5
2019,"Оброблення деревини та виготовлення виробів з деревини та корка, крім меблів; виготовлення виробів із соломки та рослинних матеріалів для плетіння",0.1
2020,"Оброблення деревини та виготовлення виробів з деревини та корка, крім меблів; виготовлення виробів із соломки та рослинних матеріалів для плетіння",1.5
2015,Виробництво паперу та паперових виробів,1.5
2016,Виробництво паперу та паперових виробів,
2017,Виробництво паперу та паперових виробів,0.2
2018,Виробництво паперу та паперових виробів,0.3
2019,Виробництво паперу та паперових виробів,0.1
2020,Виробництво паперу та паперових виробів,0.4
2015,"Поліграфічна діяльність, тиражування записаної інформації",3.8
2016,"Поліграфічна діяльність, тиражування записаної інформації",
2017,"Поліграфічна діяльність, тиражування записаної інформації",3.1
2018,"Поліграфічна діяльність, тиражування записаної інформації",7.7
2019,"Поліграфічна діяльність, тиражування записаної інформації",6.3
2020,"Поліграфічна діяльність, тиражування записаної інформації",
2015,Виробництво коксу та продуктів нафтоперероблення,0.4
2016,Виробництво коксу та продуктів нафтоперероблення,
2017,Виробництво коксу та продуктів нафтоперероблення,
2018,Виробництво коксу та продуктів нафтоперероблення,
2019,Виробництво коксу та продуктів нафтоперероблення,
2020,Виробництво коксу та продуктів нафтоперероблення,
2015,Виробництво хімічних речовин і хімічної продукції,3.3
2016,Виробництво хімічних речовин і хімічної продукції,
2017,Виробництво хімічних речовин і хімічної продукції,0.9
2018,Виробництво хімічних речовин і хімічної продукції,1.3
2019,Виробництво хімічних речовин і хімічної продукції,0.6
2020,Виробництво хімічних речовин і хімічної продукції,0.9
2015,Виробництво основних фармацевтичних продуктів і фармацевтичних препаратів,3.0
2016,Виробництво основних фармацевтичних продуктів і фармацевтичних препаратів,
2017,Виробництво основних фармацевтичних продуктів і фармацевтичних препаратів,1.6
2018,Виробництво основних фармацевтичних продуктів і фармацевтичних препаратів,2.4
2019,Виробництво основних фармацевтичних продуктів і фармацевтичних препаратів,1.7
2020,Виробництво основних фармацевтичних продуктів і фармацевтичних препаратів,3.5
2015,Виробництво гумових і пластмасових виробів,1.6
2016,Виробництво гумових і пластмасових виробів,
2017,Виробництво гумових і пластмасових виробів,1.6
2018,Виробництво гумових і пластмасових виробів,2.0
2019,Виробництво гумових і пластмасових виробів,1.8
2020,Виробництво гумових і пластмасових виробів,0.9
2015,Виробництво іншої неметалевої мінеральної продукції,0.3
2016,Виробництво іншої неметалевої мінеральної продукції,
2017,Виробництво іншої неметалевої мінеральної продукції,0.9
2018,Виробництво іншої неметалевої мінеральної продукції,1.0
2019,Виробництво іншої неметалевої мінеральної продукції,0.7
2020,Виробництво іншої неметалевої мінеральної продукції,1.1
2015,Металургійне виробництво,2.2
2016,Металургійне виробництво,
2017,Металургійне виробництво,0.9
2018,Металургійне виробництво,0.5
2019,Металургійне виробництво,3.2
2020,Металургійне виробництво,3.9
2015,"Виробництво готових металевих виробів, крім машин і устатковання",1.4
2016,"Виробництво готових металевих виробів, крім машин і устатковання",
2017,"Виробництво готових металевих виробів, крім машин і устатковання",1.2
2018,"Виробництво готових металевих виробів, крім машин і устатковання",2.7
2019,"Виробництво готових металевих виробів, крім машин і устатковання",0.7
2020,"Виробництво готових металевих виробів, крім машин і устатковання",1.5
2015,"Виробництво комп'ютерів, електронної та оптичної продукції",6.4
2016,"Виробництво комп'ютерів, електронної та оптичної продукції",
2017,"Виробництво комп'ютерів, електронної та оптичної продукції",3.1
2018,"Виробництво комп'ютерів, електронної та оптичної продукції",5.8
2019,"Виробництво комп'ютерів, електронної та оптичної продукції",6.3
2020,"Виробництво комп'ютерів, електронної та оптичної продукції",9.9
2015,Виробництво електричного устатковання,6.1
2016,Виробництво електричного устатковання,
2017,Виробництво електричного устатковання,2.5
2018,Виробництво електричного устатковання,3.3
2019,Виробництво електричного устатковання,4.1
2020,Виробництво електричного устатковання,7.8
2015,"Виробництво машин і устатковання, н.в.і.у.",7.7
2016,"Виробництво машин і устатковання, н.в.і.у.",
2017,"Виробництво машин і устатковання, н.в.і.у.",3.5
2018,"Виробництво машин і устатковання, н.в.і.у.",2.6
2019,"Виробництво машин і устатковання, н.в.і.у.",8.1
2020,"Виробництво машин і устатковання, н.в.і.у.",5.8
2015,"Виробництво автотранспортних засобів, причепів і напівпричепів",4.3
2016,"Виробництво автотранспортних засобів, причепів і напівпричепів",
2017,"Виробництво автотранспортних засобів, причепів і напівпричепів",2.3
2018,"Виробництво автотранспортних засобів, причепів і напівпричепів",5.0
2019,"Виробництво автотранспортних засобів, причепів і напівпричепів",5.6
2020,"Виробництво автотранспортних засобів, причепів і напівпричепів",3.6
2015,Виробництво інших транспортних засобів,5.9
2016,Виробництво інших транспортних засобів,
2017,Виробництво інших транспортних засобів,5.4
2018,Виробництво інших транспортних засобів,5.3
2019,Виробництво інших транспортних засобів,1.6
2020,Виробництво інших транспортних засобів,4.4
2015,Виробництво меблів,2.8
2016,Виробництво меблів,
2017,Виробництво меблів,0.7
2018,Виробництво меблів,2.2
2019,Виробництво меблів,1.0
2020,Виробництво меблів,1.4
2015,Виробництво іншої продукції,1.1
2016,Виробництво іншої продукції,
2017,Виробництво іншої продукції,1.0
2018,Виробництво іншої продукції,0.5
2019,Виробництво іншої продукції,0.3
2020,Виробництво іншої продукції,3.1
2015,Ремонт і монтаж машин і устатковання,0.9
2016,Ремонт і монтаж машин і устатковання,
2017,Ремонт і монтаж машин і устатковання,0.1
2018,Ремонт і монтаж машин і устатковання,0.7
2019,Ремонт і монтаж машин і устатковання,0.4
2020,Ремонт і монтаж машин і устатковання,0.2
2015,"Постачання електроенергії, газу, пари та кондиційованого повітря",0.0
2016,"Постачання електроенергії, газу, пари та кондиційованого повітря",
2017,"Постачання електроенергії, газу, пари та кондиційованого повітря",0.0
2018,"Постачання електроенергії, газу, пари та кондиційованого повітря",
2019,"Постачання електроенергії, газу, пари та кондиційованого повітря",
2020,"Постачання електроенергії, газу, пари та кондиційованого повітря",0.0
2015,"Водопостачання каналізація, поводження з відходами",0.0
2016,"Водопостачання каналізація, поводження з відходами",
2017,"Водопостачання каналізація, поводження з відходами",0.0
2018,"Водопостачання каналізація, поводження з відходами",
2019,"Водопостачання каналізація, поводження з відходами",
2020,"Водопостачання каналізація, поводження з відходами",
2015,"Забір, очищення та постачання води",0.0
2016,"Забір, очищення та постачання води",
2017,"Забір, очищення та постачання води",
2018,"Забір, очищення та постачання води",
2019,"Забір, очищення та постачання води",
2020,"Забір, очищення та постачання води",
2015,"Каналізація, відведення й очищення стічних вод",
2016,"Каналізація, відведення й очищення стічних вод",
2017,"Каналізація, відведення й очищення стічних вод",
2018,"Каналізація, відведення й очищення стічних вод",
2019,"Каналізація, відведення й очищення стічних вод",0.2
2020,"Каналізація, відведення й очищення стічних вод",
2015,"Збирання, оброблення й видалення відходів; відновлення матеріалів",0.0
2016,"Збирання, оброблення й видалення відходів; відновлення матеріалів",
2017,"Збирання, оброблення й видалення відходів; відновлення матеріалів",0.0
2018,"Збирання, оброблення й видалення відходів; відновлення матеріалів",
2019,"Збирання, оброблення й видалення відходів; відновлення матеріалів",0.0
2020,"Збирання, оброблення й видалення відходів; відновлення матеріалів",
2015,Інша діяльність щодо поводження з відходами,
2016,Інша діяльність щодо поводження з відходами,
2017,Інша діяльність щодо поводження з відходами,
2018,Інша діяльність щодо поводження з відходами,
2019,Інша діяльність щодо поводження з відходами,
2020,Інша діяльність щодо поводження з відходами,
