Year,Pollutants,Value
2015,,34.0
2016,,34.0
2017,,34.0
2018,,35.0
2019,,36.0
2020,,35.0
2015,pol_11_dust,11.0
2016,pol_11_dust,10.0
2017,pol_11_dust,9.0
2018,pol_11_dust,11.0
2019,pol_11_dust,11.0
2020,pol_11_dust,7.0
2015,pol_12_sulfur,
2016,pol_12_sulfur,
2017,pol_12_sulfur,
2018,pol_12_sulfur,
2019,pol_12_sulfur,1.0
2020,pol_12_sulfur,1.0
2015,pol_13_carbon,2.0
2016,pol_13_carbon,5.0
2017,pol_13_carbon,4.0
2018,pol_13_carbon,3.0
2019,pol_13_carbon,4.0
2020,pol_13_carbon,2.0
2015,pol_14_nitrogen,23.0
2016,pol_14_nitrogen,23.0
2017,pol_14_nitrogen,21.0
2018,pol_14_nitrogen,22.0
2019,pol_14_nitrogen,26.0
2020,pol_14_nitrogen,25.0
2015,pol_15_nitrix,1.0
2016,pol_15_nitrix,2.0
2017,pol_15_nitrix,1.0
2018,pol_15_nitrix,2.0
2019,pol_15_nitrix,2.0
2020,pol_15_nitrix,2.0
2015,pol_16_phenol,6.0
2016,pol_16_phenol,5.0
2017,pol_16_phenol,8.0
2018,pol_16_phenol,7.0
2019,pol_16_phenol,9.0
2020,pol_16_phenol,6.0
2015,pol_17_soot,1.0
2016,pol_17_soot,1.0
2017,pol_17_soot,1.0
2018,pol_17_soot,1.0
2019,pol_17_soot,1.0
2020,pol_17_soot,
2015,pol_18_hydrogen,2.0
2016,pol_18_hydrogen,2.0
2017,pol_18_hydrogen,2.0
2018,pol_18_hydrogen,2.0
2019,pol_18_hydrogen,3.0
2020,pol_18_hydrogen,
2015,pol_19_ammonia,2.0
2016,pol_19_ammonia,2.0
2017,pol_19_ammonia,1.0
2018,pol_19_ammonia,1.0
2019,pol_19_ammonia,2.0
2020,pol_19_ammonia,2.0
2015,pol_20_form,22.0
2016,pol_20_form,23.0
2017,pol_20_form,24.0
2018,pol_20_form,25.0
2019,pol_20_form,25.0
2020,pol_20_form,23.0
