Year,Ammunition,Region,Value
2015,,,204326.0
2016,,,177757.0
2017,,,280276.0
2018,,,273167.0
2019,,,206918.0
2020,,,180562.0
2021,,,135152.0
2015,1_am_cartridges,,202142.0
2016,1_am_cartridges,,174954.0
2017,1_am_cartridges,,278238.0
2018,1_am_cartridges,,271141.0
2019,1_am_cartridges,,204899.0
2020,1_am_cartridges,,179186.0
2021,1_am_cartridges,,134166.0
2015,2_am_grenades,,2099.0
2016,2_am_grenades,,2698.0
2017,2_am_grenades,,1935.0
2018,2_am_grenades,,1918.0
2019,2_am_grenades,,1889.0
2020,2_am_grenades,,1228.0
2021,2_am_grenades,,926.0
2015,3_am_mines,,26.0
2016,3_am_mines,,61.0
2017,3_am_mines,,57.0
2018,3_am_mines,,48.0
2019,3_am_mines,,84.0
2020,3_am_mines,,24.0
2021,3_am_mines,,7.0
2015,4_am_devic,,59.0
2016,4_am_devic,,44.0
2017,4_am_devic,,46.0
2018,4_am_devic,,60.0
2019,4_am_devic,,46.0
2020,4_am_devic,,124.0
2021,4_am_devic,,53.0
2015,,11_reg_Vinnytsya,3982.0
2016,,11_reg_Vinnytsya,6624.0
2017,,11_reg_Vinnytsya,5909.0
2018,,11_reg_Vinnytsya,12284.0
2019,,11_reg_Vinnytsya,12436.0
2020,,11_reg_Vinnytsya,7006.0
2021,,11_reg_Vinnytsya,1786.0
2015,1_am_cartridges,11_reg_Vinnytsya,3952.0
2016,1_am_cartridges,11_reg_Vinnytsya,6584.0
2017,1_am_cartridges,11_reg_Vinnytsya,5893.0
2018,1_am_cartridges,11_reg_Vinnytsya,12247.0
2019,1_am_cartridges,11_reg_Vinnytsya,12423.0
2020,1_am_cartridges,11_reg_Vinnytsya,6988.0
2021,1_am_cartridges,11_reg_Vinnytsya,1777.0
2015,2_am_grenades,11_reg_Vinnytsya,29.0
2016,2_am_grenades,11_reg_Vinnytsya,39.0
2017,2_am_grenades,11_reg_Vinnytsya,16.0
2018,2_am_grenades,11_reg_Vinnytsya,36.0
2019,2_am_grenades,11_reg_Vinnytsya,13.0
2020,2_am_grenades,11_reg_Vinnytsya,18.0
2021,2_am_grenades,11_reg_Vinnytsya,9.0
2015,3_am_mines,11_reg_Vinnytsya,1.0
2016,3_am_mines,11_reg_Vinnytsya,
2017,3_am_mines,11_reg_Vinnytsya,
2018,3_am_mines,11_reg_Vinnytsya,1.0
2019,3_am_mines,11_reg_Vinnytsya,
2020,3_am_mines,11_reg_Vinnytsya,
2021,3_am_mines,11_reg_Vinnytsya,
2015,4_am_devic,11_reg_Vinnytsya,
2016,4_am_devic,11_reg_Vinnytsya,1.0
2017,4_am_devic,11_reg_Vinnytsya,
2018,4_am_devic,11_reg_Vinnytsya,
2019,4_am_devic,11_reg_Vinnytsya,
2020,4_am_devic,11_reg_Vinnytsya,
2021,4_am_devic,11_reg_Vinnytsya,
2015,,12_reg_Volyn,1536.0
2016,,12_reg_Volyn,2392.0
2017,,12_reg_Volyn,5351.0
2018,,12_reg_Volyn,4581.0
2019,,12_reg_Volyn,2461.0
2020,,12_reg_Volyn,5316.0
2021,,12_reg_Volyn,1631.0
2015,1_am_cartridges,12_reg_Volyn,1508.0
2016,1_am_cartridges,12_reg_Volyn,1664.0
2017,1_am_cartridges,12_reg_Volyn,5312.0
2018,1_am_cartridges,12_reg_Volyn,4555.0
2019,1_am_cartridges,12_reg_Volyn,2440.0
2020,1_am_cartridges,12_reg_Volyn,5074.0
2021,1_am_cartridges,12_reg_Volyn,1618.0
2015,2_am_grenades,12_reg_Volyn,28.0
2016,2_am_grenades,12_reg_Volyn,713.0
2017,2_am_grenades,12_reg_Volyn,31.0
2018,2_am_grenades,12_reg_Volyn,26.0
2019,2_am_grenades,12_reg_Volyn,20.0
2020,2_am_grenades,12_reg_Volyn,232.0
2021,2_am_grenades,12_reg_Volyn,13.0
2015,3_am_mines,12_reg_Volyn,
2016,3_am_mines,12_reg_Volyn,15.0
2017,3_am_mines,12_reg_Volyn,8.0
2018,3_am_mines,12_reg_Volyn,
2019,3_am_mines,12_reg_Volyn,
2020,3_am_mines,12_reg_Volyn,10.0
2021,3_am_mines,12_reg_Volyn,
2015,4_am_devic,12_reg_Volyn,
2016,4_am_devic,12_reg_Volyn,
2017,4_am_devic,12_reg_Volyn,
2018,4_am_devic,12_reg_Volyn,
2019,4_am_devic,12_reg_Volyn,1.0
2020,4_am_devic,12_reg_Volyn,
2021,4_am_devic,12_reg_Volyn,
2015,,13_reg_Dnipropetrovsk,43122.0
2016,,13_reg_Dnipropetrovsk,10419.0
2017,,13_reg_Dnipropetrovsk,27831.0
2018,,13_reg_Dnipropetrovsk,21941.0
2019,,13_reg_Dnipropetrovsk,21774.0
2020,,13_reg_Dnipropetrovsk,23838.0
2021,,13_reg_Dnipropetrovsk,24945.0
2015,1_am_cartridges,13_reg_Dnipropetrovsk,42751.0
2016,1_am_cartridges,13_reg_Dnipropetrovsk,10320.0
2017,1_am_cartridges,13_reg_Dnipropetrovsk,27620.0
2018,1_am_cartridges,13_reg_Dnipropetrovsk,21697.0
2019,1_am_cartridges,13_reg_Dnipropetrovsk,21498.0
2020,1_am_cartridges,13_reg_Dnipropetrovsk,23696.0
2021,1_am_cartridges,13_reg_Dnipropetrovsk,24750.0
2015,2_am_grenades,13_reg_Dnipropetrovsk,339.0
2016,2_am_grenades,13_reg_Dnipropetrovsk,98.0
2017,2_am_grenades,13_reg_Dnipropetrovsk,208.0
2018,2_am_grenades,13_reg_Dnipropetrovsk,237.0
2019,2_am_grenades,13_reg_Dnipropetrovsk,262.0
2020,2_am_grenades,13_reg_Dnipropetrovsk,135.0
2021,2_am_grenades,13_reg_Dnipropetrovsk,192.0
2015,3_am_mines,13_reg_Dnipropetrovsk,3.0
2016,3_am_mines,13_reg_Dnipropetrovsk,
2017,3_am_mines,13_reg_Dnipropetrovsk,2.0
2018,3_am_mines,13_reg_Dnipropetrovsk,2.0
2019,3_am_mines,13_reg_Dnipropetrovsk,4.0
2020,3_am_mines,13_reg_Dnipropetrovsk,1.0
2021,3_am_mines,13_reg_Dnipropetrovsk,
2015,4_am_devic,13_reg_Dnipropetrovsk,29.0
2016,4_am_devic,13_reg_Dnipropetrovsk,1.0
2017,4_am_devic,13_reg_Dnipropetrovsk,1.0
2018,4_am_devic,13_reg_Dnipropetrovsk,5.0
2019,4_am_devic,13_reg_Dnipropetrovsk,10.0
2020,4_am_devic,13_reg_Dnipropetrovsk,6.0
2021,4_am_devic,13_reg_Dnipropetrovsk,3.0
2015,,14_reg_Donetsk,19780.0
2016,,14_reg_Donetsk,30997.0
2017,,14_reg_Donetsk,47498.0
2018,,14_reg_Donetsk,37417.0
2019,,14_reg_Donetsk,54489.0
2020,,14_reg_Donetsk,14330.0
2021,,14_reg_Donetsk,12720.0
2015,1_am_cartridges,14_reg_Donetsk,19344.0
2016,1_am_cartridges,14_reg_Donetsk,30594.0
2017,1_am_cartridges,14_reg_Donetsk,47187.0
2018,1_am_cartridges,14_reg_Donetsk,37122.0
2019,1_am_cartridges,14_reg_Donetsk,54233.0
2020,1_am_cartridges,14_reg_Donetsk,14243.0
2021,1_am_cartridges,14_reg_Donetsk,12627.0
2015,2_am_grenades,14_reg_Donetsk,428.0
2016,2_am_grenades,14_reg_Donetsk,395.0
2017,2_am_grenades,14_reg_Donetsk,305.0
2018,2_am_grenades,14_reg_Donetsk,283.0
2019,2_am_grenades,14_reg_Donetsk,249.0
2020,2_am_grenades,14_reg_Donetsk,84.0
2021,2_am_grenades,14_reg_Donetsk,84.0
2015,3_am_mines,14_reg_Donetsk,6.0
2016,3_am_mines,14_reg_Donetsk,5.0
2017,3_am_mines,14_reg_Donetsk,3.0
2018,3_am_mines,14_reg_Donetsk,4.0
2019,3_am_mines,14_reg_Donetsk,4.0
2020,3_am_mines,14_reg_Donetsk,
2021,3_am_mines,14_reg_Donetsk,
2015,4_am_devic,14_reg_Donetsk,2.0
2016,4_am_devic,14_reg_Donetsk,3.0
2017,4_am_devic,14_reg_Donetsk,3.0
2018,4_am_devic,14_reg_Donetsk,8.0
2019,4_am_devic,14_reg_Donetsk,3.0
2020,4_am_devic,14_reg_Donetsk,3.0
2021,4_am_devic,14_reg_Donetsk,9.0
2015,,15_reg_Zhytomyr,3461.0
2016,,15_reg_Zhytomyr,3321.0
2017,,15_reg_Zhytomyr,3686.0
2018,,15_reg_Zhytomyr,2006.0
2019,,15_reg_Zhytomyr,2725.0
2020,,15_reg_Zhytomyr,4256.0
2021,,15_reg_Zhytomyr,4240.0
2015,1_am_cartridges,15_reg_Zhytomyr,3434.0
2016,1_am_cartridges,15_reg_Zhytomyr,3284.0
2017,1_am_cartridges,15_reg_Zhytomyr,3650.0
2018,1_am_cartridges,15_reg_Zhytomyr,1984.0
2019,1_am_cartridges,15_reg_Zhytomyr,2714.0
2020,1_am_cartridges,15_reg_Zhytomyr,4245.0
2021,1_am_cartridges,15_reg_Zhytomyr,4232.0
2015,2_am_grenades,15_reg_Zhytomyr,27.0
2016,2_am_grenades,15_reg_Zhytomyr,35.0
2017,2_am_grenades,15_reg_Zhytomyr,35.0
2018,2_am_grenades,15_reg_Zhytomyr,14.0
2019,2_am_grenades,15_reg_Zhytomyr,10.0
2020,2_am_grenades,15_reg_Zhytomyr,9.0
2021,2_am_grenades,15_reg_Zhytomyr,7.0
2015,3_am_mines,15_reg_Zhytomyr,
2016,3_am_mines,15_reg_Zhytomyr,2.0
2017,3_am_mines,15_reg_Zhytomyr,1.0
2018,3_am_mines,15_reg_Zhytomyr,1.0
2019,3_am_mines,15_reg_Zhytomyr,
2020,3_am_mines,15_reg_Zhytomyr,
2021,3_am_mines,15_reg_Zhytomyr,1.0
2015,4_am_devic,15_reg_Zhytomyr,
2016,4_am_devic,15_reg_Zhytomyr,
2017,4_am_devic,15_reg_Zhytomyr,
2018,4_am_devic,15_reg_Zhytomyr,7.0
2019,4_am_devic,15_reg_Zhytomyr,1.0
2020,4_am_devic,15_reg_Zhytomyr,2.0
2021,4_am_devic,15_reg_Zhytomyr,
2015,,16_reg_Zakarpattya,1663.0
2016,,16_reg_Zakarpattya,866.0
2017,,16_reg_Zakarpattya,1773.0
2018,,16_reg_Zakarpattya,1777.0
2019,,16_reg_Zakarpattya,1821.0
2020,,16_reg_Zakarpattya,1772.0
2021,,16_reg_Zakarpattya,2883.0
2015,1_am_cartridges,16_reg_Zakarpattya,1652.0
2016,1_am_cartridges,16_reg_Zakarpattya,857.0
2017,1_am_cartridges,16_reg_Zakarpattya,1763.0
2018,1_am_cartridges,16_reg_Zakarpattya,1762.0
2019,1_am_cartridges,16_reg_Zakarpattya,1812.0
2020,1_am_cartridges,16_reg_Zakarpattya,1752.0
2021,1_am_cartridges,16_reg_Zakarpattya,2875.0
2015,2_am_grenades,16_reg_Zakarpattya,8.0
2016,2_am_grenades,16_reg_Zakarpattya,9.0
2017,2_am_grenades,16_reg_Zakarpattya,10.0
2018,2_am_grenades,16_reg_Zakarpattya,15.0
2019,2_am_grenades,16_reg_Zakarpattya,9.0
2020,2_am_grenades,16_reg_Zakarpattya,20.0
2021,2_am_grenades,16_reg_Zakarpattya,7.0
2015,3_am_mines,16_reg_Zakarpattya,
2016,3_am_mines,16_reg_Zakarpattya,
2017,3_am_mines,16_reg_Zakarpattya,
2018,3_am_mines,16_reg_Zakarpattya,
2019,3_am_mines,16_reg_Zakarpattya,
2020,3_am_mines,16_reg_Zakarpattya,
2021,3_am_mines,16_reg_Zakarpattya,1.0
2015,4_am_devic,16_reg_Zakarpattya,3.0
2016,4_am_devic,16_reg_Zakarpattya,
2017,4_am_devic,16_reg_Zakarpattya,
2018,4_am_devic,16_reg_Zakarpattya,
2019,4_am_devic,16_reg_Zakarpattya,
2020,4_am_devic,16_reg_Zakarpattya,
2021,4_am_devic,16_reg_Zakarpattya,
2015,,17_reg_Zaporizhya,6385.0
2016,,17_reg_Zaporizhya,40202.0
2017,,17_reg_Zaporizhya,34304.0
2018,,17_reg_Zaporizhya,5202.0
2019,,17_reg_Zaporizhya,5231.0
2020,,17_reg_Zaporizhya,9316.0
2021,,17_reg_Zaporizhya,5797.0
2015,1_am_cartridges,17_reg_Zaporizhya,6267.0
2016,1_am_cartridges,17_reg_Zaporizhya,39459.0
2017,1_am_cartridges,17_reg_Zaporizhya,34052.0
2018,1_am_cartridges,17_reg_Zaporizhya,5086.0
2019,1_am_cartridges,17_reg_Zaporizhya,5115.0
2020,1_am_cartridges,17_reg_Zaporizhya,9285.0
2021,1_am_cartridges,17_reg_Zaporizhya,5743.0
2015,2_am_grenades,17_reg_Zaporizhya,110.0
2016,2_am_grenades,17_reg_Zaporizhya,731.0
2017,2_am_grenades,17_reg_Zaporizhya,251.0
2018,2_am_grenades,17_reg_Zaporizhya,115.0
2019,2_am_grenades,17_reg_Zaporizhya,113.0
2020,2_am_grenades,17_reg_Zaporizhya,26.0
2021,2_am_grenades,17_reg_Zaporizhya,50.0
2015,3_am_mines,17_reg_Zaporizhya,
2016,3_am_mines,17_reg_Zaporizhya,8.0
2017,3_am_mines,17_reg_Zaporizhya,1.0
2018,3_am_mines,17_reg_Zaporizhya,
2019,3_am_mines,17_reg_Zaporizhya,
2020,3_am_mines,17_reg_Zaporizhya,3.0
2021,3_am_mines,17_reg_Zaporizhya,4.0
2015,4_am_devic,17_reg_Zaporizhya,8.0
2016,4_am_devic,17_reg_Zaporizhya,4.0
2017,4_am_devic,17_reg_Zaporizhya,
2018,4_am_devic,17_reg_Zaporizhya,1.0
2019,4_am_devic,17_reg_Zaporizhya,3.0
2020,4_am_devic,17_reg_Zaporizhya,2.0
2021,4_am_devic,17_reg_Zaporizhya,
2015,,18_reg_Ivano-Frankivsk,3573.0
2016,,18_reg_Ivano-Frankivsk,3317.0
2017,,18_reg_Ivano-Frankivsk,5177.0
2018,,18_reg_Ivano-Frankivsk,17075.0
2019,,18_reg_Ivano-Frankivsk,5996.0
2020,,18_reg_Ivano-Frankivsk,2695.0
2021,,18_reg_Ivano-Frankivsk,2660.0
2015,1_am_cartridges,18_reg_Ivano-Frankivsk,3546.0
2016,1_am_cartridges,18_reg_Ivano-Frankivsk,3284.0
2017,1_am_cartridges,18_reg_Ivano-Frankivsk,5150.0
2018,1_am_cartridges,18_reg_Ivano-Frankivsk,17002.0
2019,1_am_cartridges,18_reg_Ivano-Frankivsk,5973.0
2020,1_am_cartridges,18_reg_Ivano-Frankivsk,2675.0
2021,1_am_cartridges,18_reg_Ivano-Frankivsk,2949.0
2015,2_am_grenades,18_reg_Ivano-Frankivsk,27.0
2016,2_am_grenades,18_reg_Ivano-Frankivsk,31.0
2017,2_am_grenades,18_reg_Ivano-Frankivsk,24.0
2018,2_am_grenades,18_reg_Ivano-Frankivsk,69.0
2019,2_am_grenades,18_reg_Ivano-Frankivsk,23.0
2020,2_am_grenades,18_reg_Ivano-Frankivsk,20.0
2021,2_am_grenades,18_reg_Ivano-Frankivsk,11.0
2015,3_am_mines,18_reg_Ivano-Frankivsk,
2016,3_am_mines,18_reg_Ivano-Frankivsk,
2017,3_am_mines,18_reg_Ivano-Frankivsk,2.0
2018,3_am_mines,18_reg_Ivano-Frankivsk,4.0
2019,3_am_mines,18_reg_Ivano-Frankivsk,
2020,3_am_mines,18_reg_Ivano-Frankivsk,
2021,3_am_mines,18_reg_Ivano-Frankivsk,
2015,4_am_devic,18_reg_Ivano-Frankivsk,
2016,4_am_devic,18_reg_Ivano-Frankivsk,2.0
2017,4_am_devic,18_reg_Ivano-Frankivsk,1.0
2018,4_am_devic,18_reg_Ivano-Frankivsk,
2019,4_am_devic,18_reg_Ivano-Frankivsk,
2020,4_am_devic,18_reg_Ivano-Frankivsk,
2021,4_am_devic,18_reg_Ivano-Frankivsk,
2015,,19_reg_Kyiv,8154.0
2016,,19_reg_Kyiv,10017.0
2017,,19_reg_Kyiv,32340.0
2018,,19_reg_Kyiv,5467.0
2019,,19_reg_Kyiv,6608.0
2020,,19_reg_Kyiv,3945.0
2021,,19_reg_Kyiv,2838.0
2015,1_am_cartridges,19_reg_Kyiv,8122.0
2016,1_am_cartridges,19_reg_Kyiv,9976.0
2017,1_am_cartridges,19_reg_Kyiv,32203.0
2018,1_am_cartridges,19_reg_Kyiv,5423.0
2019,1_am_cartridges,19_reg_Kyiv,6548.0
2020,1_am_cartridges,19_reg_Kyiv,3906.0
2021,1_am_cartridges,19_reg_Kyiv,2815.0
2015,2_am_grenades,19_reg_Kyiv,32.0
2016,2_am_grenades,19_reg_Kyiv,41.0
2017,2_am_grenades,19_reg_Kyiv,136.0
2018,2_am_grenades,19_reg_Kyiv,43.0
2019,2_am_grenades,19_reg_Kyiv,58.0
2020,2_am_grenades,19_reg_Kyiv,39.0
2021,2_am_grenades,19_reg_Kyiv,23.0
2015,3_am_mines,19_reg_Kyiv,
2016,3_am_mines,19_reg_Kyiv,
2017,3_am_mines,19_reg_Kyiv,
2018,3_am_mines,19_reg_Kyiv,
2019,3_am_mines,19_reg_Kyiv,
2020,3_am_mines,19_reg_Kyiv,
2021,3_am_mines,19_reg_Kyiv,
2015,4_am_devic,19_reg_Kyiv,
2016,4_am_devic,19_reg_Kyiv,
2017,4_am_devic,19_reg_Kyiv,1.0
2018,4_am_devic,19_reg_Kyiv,1.0
2019,4_am_devic,19_reg_Kyiv,2.0
2020,4_am_devic,19_reg_Kyiv,
2021,4_am_devic,19_reg_Kyiv,
2015,,20_reg_Kirovohrad,2361.0
2016,,20_reg_Kirovohrad,1256.0
2017,,20_reg_Kirovohrad,5508.0
2018,,20_reg_Kirovohrad,8830.0
2019,,20_reg_Kirovohrad,4151.0
2020,,20_reg_Kirovohrad,4836.0
2021,,20_reg_Kirovohrad,3948.0
2015,1_am_cartridges,20_reg_Kirovohrad,2286.0
2016,1_am_cartridges,20_reg_Kirovohrad,1239.0
2017,1_am_cartridges,20_reg_Kirovohrad,5481.0
2018,1_am_cartridges,20_reg_Kirovohrad,8771.0
2019,1_am_cartridges,20_reg_Kirovohrad,4100.0
2020,1_am_cartridges,20_reg_Kirovohrad,4777.0
2021,1_am_cartridges,20_reg_Kirovohrad,3908.0
2015,2_am_grenades,20_reg_Kirovohrad,74.0
2016,2_am_grenades,20_reg_Kirovohrad,13.0
2017,2_am_grenades,20_reg_Kirovohrad,16.0
2018,2_am_grenades,20_reg_Kirovohrad,53.0
2019,2_am_grenades,20_reg_Kirovohrad,49.0
2020,2_am_grenades,20_reg_Kirovohrad,41.0
2021,2_am_grenades,20_reg_Kirovohrad,34.0
2015,3_am_mines,20_reg_Kirovohrad,
2016,3_am_mines,20_reg_Kirovohrad,
2017,3_am_mines,20_reg_Kirovohrad,11.0
2018,3_am_mines,20_reg_Kirovohrad,3.0
2019,3_am_mines,20_reg_Kirovohrad,2.0
2020,3_am_mines,20_reg_Kirovohrad,
2021,3_am_mines,20_reg_Kirovohrad,
2015,4_am_devic,20_reg_Kirovohrad,1.0
2016,4_am_devic,20_reg_Kirovohrad,4.0
2017,4_am_devic,20_reg_Kirovohrad,
2018,4_am_devic,20_reg_Kirovohrad,3.0
2019,4_am_devic,20_reg_Kirovohrad,
2020,4_am_devic,20_reg_Kirovohrad,18.0
2021,4_am_devic,20_reg_Kirovohrad,6.0
2015,,21_reg_Luhansk,16674.0
2016,,21_reg_Luhansk,16888.0
2017,,21_reg_Luhansk,14655.0
2018,,21_reg_Luhansk,15700.0
2019,,21_reg_Luhansk,15017.0
2020,,21_reg_Luhansk,16238.0
2021,,21_reg_Luhansk,11387.0
2015,1_am_cartridges,21_reg_Luhansk,16453.0
2016,1_am_cartridges,21_reg_Luhansk,16764.0
2017,1_am_cartridges,21_reg_Luhansk,14436.0
2018,1_am_cartridges,21_reg_Luhansk,15485.0
2019,1_am_cartridges,21_reg_Luhansk,14907.0
2020,1_am_cartridges,21_reg_Luhansk,16099.0
2021,1_am_cartridges,21_reg_Luhansk,11317.0
2015,2_am_grenades,21_reg_Luhansk,214.0
2016,2_am_grenades,21_reg_Luhansk,123.0
2017,2_am_grenades,21_reg_Luhansk,216.0
2018,2_am_grenades,21_reg_Luhansk,205.0
2019,2_am_grenades,21_reg_Luhansk,109.0
2020,2_am_grenades,21_reg_Luhansk,135.0
2021,2_am_grenades,21_reg_Luhansk,68.0
2015,3_am_mines,21_reg_Luhansk,3.0
2016,3_am_mines,21_reg_Luhansk,
2017,3_am_mines,21_reg_Luhansk,2.0
2018,3_am_mines,21_reg_Luhansk,5.0
2019,3_am_mines,21_reg_Luhansk,1.0
2020,3_am_mines,21_reg_Luhansk,1.0
2021,3_am_mines,21_reg_Luhansk,
2015,4_am_devic,21_reg_Luhansk,4.0
2016,4_am_devic,21_reg_Luhansk,1.0
2017,4_am_devic,21_reg_Luhansk,1.0
2018,4_am_devic,21_reg_Luhansk,5.0
2019,4_am_devic,21_reg_Luhansk,
2020,4_am_devic,21_reg_Luhansk,3.0
2021,4_am_devic,21_reg_Luhansk,2.0
2015,,22_reg_Lviv,2435.0
2016,,22_reg_Lviv,1399.0
2017,,22_reg_Lviv,10073.0
2018,,22_reg_Lviv,4847.0
2019,,22_reg_Lviv,4685.0
2020,,22_reg_Lviv,4560.0
2021,,22_reg_Lviv,6063.0
2015,1_am_cartridges,22_reg_Lviv,2418.0
2016,1_am_cartridges,22_reg_Lviv,1386.0
2017,1_am_cartridges,22_reg_Lviv,10006.0
2018,1_am_cartridges,22_reg_Lviv,4813.0
2019,1_am_cartridges,22_reg_Lviv,4650.0
2020,1_am_cartridges,22_reg_Lviv,4545.0
2021,1_am_cartridges,22_reg_Lviv,6046.0
2015,2_am_grenades,22_reg_Lviv,17.0
2016,2_am_grenades,22_reg_Lviv,13.0
2017,2_am_grenades,22_reg_Lviv,42.0
2018,2_am_grenades,22_reg_Lviv,34.0
2019,2_am_grenades,22_reg_Lviv,34.0
2020,2_am_grenades,22_reg_Lviv,15.0
2021,2_am_grenades,22_reg_Lviv,15.0
2015,3_am_mines,22_reg_Lviv,
2016,3_am_mines,22_reg_Lviv,
2017,3_am_mines,22_reg_Lviv,
2018,3_am_mines,22_reg_Lviv,
2019,3_am_mines,22_reg_Lviv,
2020,3_am_mines,22_reg_Lviv,
2021,3_am_mines,22_reg_Lviv,
2015,4_am_devic,22_reg_Lviv,
2016,4_am_devic,22_reg_Lviv,
2017,4_am_devic,22_reg_Lviv,25.0
2018,4_am_devic,22_reg_Lviv,
2019,4_am_devic,22_reg_Lviv,1.0
2020,4_am_devic,22_reg_Lviv,
2021,4_am_devic,22_reg_Lviv,2.0
2015,,23_reg_Mykolayiv,9515.0
2016,,23_reg_Mykolayiv,2834.0
2017,,23_reg_Mykolayiv,6209.0
2018,,23_reg_Mykolayiv,8323.0
2019,,23_reg_Mykolayiv,4231.0
2020,,23_reg_Mykolayiv,1624.0
2021,,23_reg_Mykolayiv,4280.0
2015,1_am_cartridges,23_reg_Mykolayiv,9451.0
2016,1_am_cartridges,23_reg_Mykolayiv,2813.0
2017,1_am_cartridges,23_reg_Mykolayiv,6175.0
2018,1_am_cartridges,23_reg_Mykolayiv,8282.0
2019,1_am_cartridges,23_reg_Mykolayiv,4198.0
2020,1_am_cartridges,23_reg_Mykolayiv,1611.0
2021,1_am_cartridges,23_reg_Mykolayiv,4267.0
2015,2_am_grenades,23_reg_Mykolayiv,61.0
2016,2_am_grenades,23_reg_Mykolayiv,18.0
2017,2_am_grenades,23_reg_Mykolayiv,33.0
2018,2_am_grenades,23_reg_Mykolayiv,41.0
2019,2_am_grenades,23_reg_Mykolayiv,32.0
2020,2_am_grenades,23_reg_Mykolayiv,13.0
2021,2_am_grenades,23_reg_Mykolayiv,13.0
2015,3_am_mines,23_reg_Mykolayiv,2.0
2016,3_am_mines,23_reg_Mykolayiv,
2017,3_am_mines,23_reg_Mykolayiv,
2018,3_am_mines,23_reg_Mykolayiv,
2019,3_am_mines,23_reg_Mykolayiv,1.0
2020,3_am_mines,23_reg_Mykolayiv,
2021,3_am_mines,23_reg_Mykolayiv,
2015,4_am_devic,23_reg_Mykolayiv,1.0
2016,4_am_devic,23_reg_Mykolayiv,3.0
2017,4_am_devic,23_reg_Mykolayiv,1.0
2018,4_am_devic,23_reg_Mykolayiv,
2019,4_am_devic,23_reg_Mykolayiv,
2020,4_am_devic,23_reg_Mykolayiv,
2021,4_am_devic,23_reg_Mykolayiv,
2015,,24_reg_Odesa,21340.0
2016,,24_reg_Odesa,3665.0
2017,,24_reg_Odesa,5009.0
2018,,24_reg_Odesa,12350.0
2019,,24_reg_Odesa,11256.0
2020,,24_reg_Odesa,5687.0
2021,,24_reg_Odesa,6878.0
2015,1_am_cartridges,24_reg_Odesa,21301.0
2016,1_am_cartridges,24_reg_Odesa,3622.0
2017,1_am_cartridges,24_reg_Odesa,4986.0
2018,1_am_cartridges,24_reg_Odesa,12303.0
2019,1_am_cartridges,24_reg_Odesa,11180.0
2020,1_am_cartridges,24_reg_Odesa,5635.0
2021,1_am_cartridges,24_reg_Odesa,6817.0
2015,2_am_grenades,24_reg_Odesa,38.0
2016,2_am_grenades,24_reg_Odesa,20.0
2017,2_am_grenades,24_reg_Odesa,22.0
2018,2_am_grenades,24_reg_Odesa,46.0
2019,2_am_grenades,24_reg_Odesa,73.0
2020,2_am_grenades,24_reg_Odesa,52.0
2021,2_am_grenades,24_reg_Odesa,61.0
2015,3_am_mines,24_reg_Odesa,
2016,3_am_mines,24_reg_Odesa,
2017,3_am_mines,24_reg_Odesa,
2018,3_am_mines,24_reg_Odesa,1.0
2019,3_am_mines,24_reg_Odesa,1.0
2020,3_am_mines,24_reg_Odesa,
2021,3_am_mines,24_reg_Odesa,
2015,4_am_devic,24_reg_Odesa,1.0
2016,4_am_devic,24_reg_Odesa,23.0
2017,4_am_devic,24_reg_Odesa,1.0
2018,4_am_devic,24_reg_Odesa,
2019,4_am_devic,24_reg_Odesa,2.0
2020,4_am_devic,24_reg_Odesa,
2021,4_am_devic,24_reg_Odesa,
2015,,25_reg_Poltava,5632.0
2016,,25_reg_Poltava,7072.0
2017,,25_reg_Poltava,6276.0
2018,,25_reg_Poltava,5369.0
2019,,25_reg_Poltava,3343.0
2020,,25_reg_Poltava,5730.0
2021,,25_reg_Poltava,2392.0
2015,1_am_cartridges,25_reg_Poltava,5588.0
2016,1_am_cartridges,25_reg_Poltava,7025.0
2017,1_am_cartridges,25_reg_Poltava,6219.0
2018,1_am_cartridges,25_reg_Poltava,5327.0
2019,1_am_cartridges,25_reg_Poltava,3308.0
2020,1_am_cartridges,25_reg_Poltava,5713.0
2021,1_am_cartridges,25_reg_Poltava,2377.0
2015,2_am_grenades,25_reg_Poltava,44.0
2016,2_am_grenades,25_reg_Poltava,47.0
2017,2_am_grenades,25_reg_Poltava,57.0
2018,2_am_grenades,25_reg_Poltava,35.0
2019,2_am_grenades,25_reg_Poltava,34.0
2020,2_am_grenades,25_reg_Poltava,16.0
2021,2_am_grenades,25_reg_Poltava,16.0
2015,3_am_mines,25_reg_Poltava,
2016,3_am_mines,25_reg_Poltava,
2017,3_am_mines,25_reg_Poltava,
2018,3_am_mines,25_reg_Poltava,
2019,3_am_mines,25_reg_Poltava,1.0
2020,3_am_mines,25_reg_Poltava,
2021,3_am_mines,25_reg_Poltava,
2015,4_am_devic,25_reg_Poltava,
2016,4_am_devic,25_reg_Poltava,
2017,4_am_devic,25_reg_Poltava,
2018,4_am_devic,25_reg_Poltava,7.0
2019,4_am_devic,25_reg_Poltava,
2020,4_am_devic,25_reg_Poltava,1.0
2021,4_am_devic,25_reg_Poltava,
2015,,26_reg_Rivne,3798.0
2016,,26_reg_Rivne,2783.0
2017,,26_reg_Rivne,5092.0
2018,,26_reg_Rivne,9344.0
2019,,26_reg_Rivne,14106.0
2020,,26_reg_Rivne,29331.0
2021,,26_reg_Rivne,4242.0
2015,1_am_cartridges,26_reg_Rivne,3735.0
2016,1_am_cartridges,26_reg_Rivne,2721.0
2017,1_am_cartridges,26_reg_Rivne,5036.0
2018,1_am_cartridges,26_reg_Rivne,9257.0
2019,1_am_cartridges,26_reg_Rivne,13876.0
2020,1_am_cartridges,26_reg_Rivne,29215.0
2021,1_am_cartridges,26_reg_Rivne,4205.0
2015,2_am_grenades,26_reg_Rivne,62.0
2016,2_am_grenades,26_reg_Rivne,61.0
2017,2_am_grenades,26_reg_Rivne,53.0
2018,2_am_grenades,26_reg_Rivne,82.0
2019,2_am_grenades,26_reg_Rivne,211.0
2020,2_am_grenades,26_reg_Rivne,114.0
2021,2_am_grenades,26_reg_Rivne,37.0
2015,3_am_mines,26_reg_Rivne,
2016,3_am_mines,26_reg_Rivne,1.0
2017,3_am_mines,26_reg_Rivne,2.0
2018,3_am_mines,26_reg_Rivne,5.0
2019,3_am_mines,26_reg_Rivne,15.0
2020,3_am_mines,26_reg_Rivne,1.0
2021,3_am_mines,26_reg_Rivne,
2015,4_am_devic,26_reg_Rivne,1.0
2016,4_am_devic,26_reg_Rivne,
2017,4_am_devic,26_reg_Rivne,1.0
2018,4_am_devic,26_reg_Rivne,
2019,4_am_devic,26_reg_Rivne,4.0
2020,4_am_devic,26_reg_Rivne,1.0
2021,4_am_devic,26_reg_Rivne,
2015,,27_reg_Sumy,3254.0
2016,,27_reg_Sumy,3283.0
2017,,27_reg_Sumy,12851.0
2018,,27_reg_Sumy,3590.0
2019,,27_reg_Sumy,2556.0
2020,,27_reg_Sumy,2125.0
2021,,27_reg_Sumy,2526.0
2015,1_am_cartridges,27_reg_Sumy,3159.0
2016,1_am_cartridges,27_reg_Sumy,3248.0
2017,1_am_cartridges,27_reg_Sumy,12806.0
2018,1_am_cartridges,27_reg_Sumy,3557.0
2019,1_am_cartridges,27_reg_Sumy,2537.0
2020,1_am_cartridges,27_reg_Sumy,2114.0
2021,1_am_cartridges,27_reg_Sumy,2486.0
2015,2_am_grenades,27_reg_Sumy,92.0
2016,2_am_grenades,27_reg_Sumy,15.0
2017,2_am_grenades,27_reg_Sumy,44.0
2018,2_am_grenades,27_reg_Sumy,33.0
2019,2_am_grenades,27_reg_Sumy,9.0
2020,2_am_grenades,27_reg_Sumy,11.0
2021,2_am_grenades,27_reg_Sumy,40.0
2015,3_am_mines,27_reg_Sumy,1.0
2016,3_am_mines,27_reg_Sumy,20.0
2017,3_am_mines,27_reg_Sumy,
2018,3_am_mines,27_reg_Sumy,
2019,3_am_mines,27_reg_Sumy,10.0
2020,3_am_mines,27_reg_Sumy,
2021,3_am_mines,27_reg_Sumy,
2015,4_am_devic,27_reg_Sumy,2.0
2016,4_am_devic,27_reg_Sumy,
2017,4_am_devic,27_reg_Sumy,1.0
2018,4_am_devic,27_reg_Sumy,
2019,4_am_devic,27_reg_Sumy,
2020,4_am_devic,27_reg_Sumy,
2021,4_am_devic,27_reg_Sumy,
2015,,28_reg_Ternopil,2074.0
2016,,28_reg_Ternopil,1674.0
2017,,28_reg_Ternopil,4576.0
2018,,28_reg_Ternopil,2867.0
2019,,28_reg_Ternopil,2248.0
2020,,28_reg_Ternopil,2046.0
2021,,28_reg_Ternopil,2201.0
2015,1_am_cartridges,28_reg_Ternopil,2056.0
2016,1_am_cartridges,28_reg_Ternopil,1658.0
2017,1_am_cartridges,28_reg_Ternopil,4543.0
2018,1_am_cartridges,28_reg_Ternopil,2830.0
2019,1_am_cartridges,28_reg_Ternopil,2211.0
2020,1_am_cartridges,28_reg_Ternopil,2022.0
2021,1_am_cartridges,28_reg_Ternopil,2172.0
2015,2_am_grenades,28_reg_Ternopil,18.0
2016,2_am_grenades,28_reg_Ternopil,16.0
2017,2_am_grenades,28_reg_Ternopil,33.0
2018,2_am_grenades,28_reg_Ternopil,36.0
2019,2_am_grenades,28_reg_Ternopil,26.0
2020,2_am_grenades,28_reg_Ternopil,24.0
2021,2_am_grenades,28_reg_Ternopil,29.0
2015,3_am_mines,28_reg_Ternopil,
2016,3_am_mines,28_reg_Ternopil,
2017,3_am_mines,28_reg_Ternopil,
2018,3_am_mines,28_reg_Ternopil,
2019,3_am_mines,28_reg_Ternopil,
2020,3_am_mines,28_reg_Ternopil,
2021,3_am_mines,28_reg_Ternopil,
2015,4_am_devic,28_reg_Ternopil,
2016,4_am_devic,28_reg_Ternopil,
2017,4_am_devic,28_reg_Ternopil,
2018,4_am_devic,28_reg_Ternopil,1.0
2019,4_am_devic,28_reg_Ternopil,11.0
2020,4_am_devic,28_reg_Ternopil,
2021,4_am_devic,28_reg_Ternopil,
2015,,29_reg_Kharkiv,15470.0
2016,,29_reg_Kharkiv,10051.0
2017,,29_reg_Kharkiv,12498.0
2018,,29_reg_Kharkiv,9327.0
2019,,29_reg_Kharkiv,5971.0
2020,,29_reg_Kharkiv,10032.0
2021,,29_reg_Kharkiv,6714.0
2015,1_am_cartridges,29_reg_Kharkiv,15215.0
2016,1_am_cartridges,29_reg_Kharkiv,9960.0
2017,1_am_cartridges,29_reg_Kharkiv,12365.0
2018,1_am_cartridges,29_reg_Kharkiv,9164.0
2019,1_am_cartridges,29_reg_Kharkiv,5768.0
2020,1_am_cartridges,29_reg_Kharkiv,9837.0
2021,1_am_cartridges,29_reg_Kharkiv,6637.0
2015,2_am_grenades,29_reg_Kharkiv,247.0
2016,2_am_grenades,29_reg_Kharkiv,81.0
2017,2_am_grenades,29_reg_Kharkiv,117.0
2018,2_am_grenades,29_reg_Kharkiv,149.0
2019,2_am_grenades,29_reg_Kharkiv,162.0
2020,2_am_grenades,29_reg_Kharkiv,115.0
2021,2_am_grenades,29_reg_Kharkiv,74.0
2015,3_am_mines,29_reg_Kharkiv,4.0
2016,3_am_mines,29_reg_Kharkiv,10.0
2017,3_am_mines,29_reg_Kharkiv,10.0
2018,3_am_mines,29_reg_Kharkiv,11.0
2019,3_am_mines,29_reg_Kharkiv,39.0
2020,3_am_mines,29_reg_Kharkiv,8.0
2021,3_am_mines,29_reg_Kharkiv,
2015,4_am_devic,29_reg_Kharkiv,4.0
2016,4_am_devic,29_reg_Kharkiv,
2017,4_am_devic,29_reg_Kharkiv,6.0
2018,4_am_devic,29_reg_Kharkiv,3.0
2019,4_am_devic,29_reg_Kharkiv,2.0
2020,4_am_devic,29_reg_Kharkiv,72.0
2021,4_am_devic,29_reg_Kharkiv,3.0
2015,,30_reg_Kherson,4280.0
2016,,30_reg_Kherson,3330.0
2017,,30_reg_Kherson,6172.0
2018,,30_reg_Kherson,39934.0
2019,,30_reg_Kherson,6161.0
2020,,30_reg_Kherson,5022.0
2021,,30_reg_Kherson,5452.0
2015,1_am_cartridges,30_reg_Kherson,4257.0
2016,1_am_cartridges,30_reg_Kherson,3299.0
2017,1_am_cartridges,30_reg_Kherson,6117.0
2018,1_am_cartridges,30_reg_Kherson,39807.0
2019,1_am_cartridges,30_reg_Kherson,6124.0
2020,1_am_cartridges,30_reg_Kherson,4992.0
2021,1_am_cartridges,30_reg_Kherson,5385.0
2015,2_am_grenades,30_reg_Kherson,23.0
2016,2_am_grenades,30_reg_Kherson,30.0
2017,2_am_grenades,30_reg_Kherson,48.0
2018,2_am_grenades,30_reg_Kherson,123.0
2019,2_am_grenades,30_reg_Kherson,35.0
2020,2_am_grenades,30_reg_Kherson,28.0
2021,2_am_grenades,30_reg_Kherson,66.0
2015,3_am_mines,30_reg_Kherson,
2016,3_am_mines,30_reg_Kherson,
2017,3_am_mines,30_reg_Kherson,7.0
2018,3_am_mines,30_reg_Kherson,2.0
2019,3_am_mines,30_reg_Kherson,1.0
2020,3_am_mines,30_reg_Kherson,
2021,3_am_mines,30_reg_Kherson,1.0
2015,4_am_devic,30_reg_Kherson,
2016,4_am_devic,30_reg_Kherson,1.0
2017,4_am_devic,30_reg_Kherson,
2018,4_am_devic,30_reg_Kherson,2.0
2019,4_am_devic,30_reg_Kherson,1.0
2020,4_am_devic,30_reg_Kherson,2.0
2021,4_am_devic,30_reg_Kherson,
2015,,31_reg_Khmelnytskiy,1271.0
2016,,31_reg_Khmelnytskiy,1002.0
2017,,31_reg_Khmelnytskiy,9839.0
2018,,31_reg_Khmelnytskiy,4023.0
2019,,31_reg_Khmelnytskiy,3376.0
2020,,31_reg_Khmelnytskiy,3404.0
2021,,31_reg_Khmelnytskiy,3309.0
2015,1_am_cartridges,31_reg_Khmelnytskiy,1255.0
2016,1_am_cartridges,31_reg_Khmelnytskiy,994.0
2017,1_am_cartridges,31_reg_Khmelnytskiy,9813.0
2018,1_am_cartridges,31_reg_Khmelnytskiy,3994.0
2019,1_am_cartridges,31_reg_Khmelnytskiy,3177.0
2020,1_am_cartridges,31_reg_Khmelnytskiy,3396.0
2021,1_am_cartridges,31_reg_Khmelnytskiy,3294.0
2015,2_am_grenades,31_reg_Khmelnytskiy,16.0
2016,2_am_grenades,31_reg_Khmelnytskiy,8.0
2017,2_am_grenades,31_reg_Khmelnytskiy,24.0
2018,2_am_grenades,31_reg_Khmelnytskiy,26.0
2019,2_am_grenades,31_reg_Khmelnytskiy,199.0
2020,2_am_grenades,31_reg_Khmelnytskiy,8.0
2021,2_am_grenades,31_reg_Khmelnytskiy,15.0
2015,3_am_mines,31_reg_Khmelnytskiy,
2016,3_am_mines,31_reg_Khmelnytskiy,
2017,3_am_mines,31_reg_Khmelnytskiy,
2018,3_am_mines,31_reg_Khmelnytskiy,
2019,3_am_mines,31_reg_Khmelnytskiy,
2020,3_am_mines,31_reg_Khmelnytskiy,
2021,3_am_mines,31_reg_Khmelnytskiy,
2015,4_am_devic,31_reg_Khmelnytskiy,
2016,4_am_devic,31_reg_Khmelnytskiy,
2017,4_am_devic,31_reg_Khmelnytskiy,2.0
2018,4_am_devic,31_reg_Khmelnytskiy,3.0
2019,4_am_devic,31_reg_Khmelnytskiy,
2020,4_am_devic,31_reg_Khmelnytskiy,
2021,4_am_devic,31_reg_Khmelnytskiy,
2015,,32_reg_Cherkasy,3016.0
2016,,32_reg_Cherkasy,4663.0
2017,,32_reg_Cherkasy,3576.0
2018,,32_reg_Cherkasy,2601.0
2019,,32_reg_Cherkasy,2791.0
2020,,32_reg_Cherkasy,2852.0
2021,,32_reg_Cherkasy,3585.0
2015,1_am_cartridges,32_reg_Cherkasy,2972.0
2016,1_am_cartridges,32_reg_Cherkasy,4619.0
2017,1_am_cartridges,32_reg_Cherkasy,3514.0
2018,1_am_cartridges,32_reg_Cherkasy,2549.0
2019,1_am_cartridges,32_reg_Cherkasy,2751.0
2020,1_am_cartridges,32_reg_Cherkasy,2832.0
2021,1_am_cartridges,32_reg_Cherkasy,3572.0
2015,2_am_grenades,32_reg_Cherkasy,37.0
2016,2_am_grenades,32_reg_Cherkasy,44.0
2017,2_am_grenades,32_reg_Cherkasy,54.0
2018,2_am_grenades,32_reg_Cherkasy,51.0
2019,2_am_grenades,32_reg_Cherkasy,35.0
2020,2_am_grenades,32_reg_Cherkasy,19.0
2021,2_am_grenades,32_reg_Cherkasy,12.0
2015,3_am_mines,32_reg_Cherkasy,6.0
2016,3_am_mines,32_reg_Cherkasy,
2017,3_am_mines,32_reg_Cherkasy,8.0
2018,3_am_mines,32_reg_Cherkasy,
2019,3_am_mines,32_reg_Cherkasy,5.0
2020,3_am_mines,32_reg_Cherkasy,
2021,3_am_mines,32_reg_Cherkasy,
2015,4_am_devic,32_reg_Cherkasy,1.0
2016,4_am_devic,32_reg_Cherkasy,
2017,4_am_devic,32_reg_Cherkasy,
2018,4_am_devic,32_reg_Cherkasy,1.0
2019,4_am_devic,32_reg_Cherkasy,
2020,4_am_devic,32_reg_Cherkasy,1.0
2021,4_am_devic,32_reg_Cherkasy,1.0
2015,,33_reg_Chernivtsi,921.0
2016,,33_reg_Chernivtsi,196.0
2017,,33_reg_Chernivtsi,1668.0
2018,,33_reg_Chernivtsi,3538.0
2019,,33_reg_Chernivtsi,1956.0
2020,,33_reg_Chernivtsi,5455.0
2021,,33_reg_Chernivtsi,1328.0
2015,1_am_cartridges,33_reg_Chernivtsi,911.0
2016,1_am_cartridges,33_reg_Chernivtsi,192.0
2017,1_am_cartridges,33_reg_Chernivtsi,1659.0
2018,1_am_cartridges,33_reg_Chernivtsi,3528.0
2019,1_am_cartridges,33_reg_Chernivtsi,1903.0
2020,1_am_cartridges,33_reg_Chernivtsi,5448.0
2021,1_am_cartridges,33_reg_Chernivtsi,1323.0
2015,2_am_grenades,33_reg_Chernivtsi,10.0
2016,2_am_grenades,33_reg_Chernivtsi,4.0
2017,2_am_grenades,33_reg_Chernivtsi,9.0
2018,2_am_grenades,33_reg_Chernivtsi,10.0
2019,2_am_grenades,33_reg_Chernivtsi,53.0
2020,2_am_grenades,33_reg_Chernivtsi,7.0
2021,2_am_grenades,33_reg_Chernivtsi,5.0
2015,3_am_mines,33_reg_Chernivtsi,
2016,3_am_mines,33_reg_Chernivtsi,
2017,3_am_mines,33_reg_Chernivtsi,
2018,3_am_mines,33_reg_Chernivtsi,
2019,3_am_mines,33_reg_Chernivtsi,
2020,3_am_mines,33_reg_Chernivtsi,
2021,3_am_mines,33_reg_Chernivtsi,
2015,4_am_devic,33_reg_Chernivtsi,
2016,4_am_devic,33_reg_Chernivtsi,
2017,4_am_devic,33_reg_Chernivtsi,
2018,4_am_devic,33_reg_Chernivtsi,
2019,4_am_devic,33_reg_Chernivtsi,
2020,4_am_devic,33_reg_Chernivtsi,
2021,4_am_devic,33_reg_Chernivtsi,
2015,,34_reg_Chernihiv,6855.0
2016,,34_reg_Chernihiv,3185.0
2017,,34_reg_Chernihiv,4742.0
2018,,34_reg_Chernihiv,8477.0
2019,,34_reg_Chernihiv,3672.0
2020,,34_reg_Chernihiv,4431.0
2021,,34_reg_Chernihiv,5061.0
2015,1_am_cartridges,34_reg_Chernihiv,6811.0
2016,1_am_cartridges,34_reg_Chernihiv,3158.0
2017,1_am_cartridges,34_reg_Chernihiv,4728.0
2018,1_am_cartridges,34_reg_Chernihiv,8429.0
2019,1_am_cartridges,34_reg_Chernihiv,3654.0
2020,1_am_cartridges,34_reg_Chernihiv,4413.0
2021,1_am_cartridges,34_reg_Chernihiv,5051.0
2015,2_am_grenades,34_reg_Chernihiv,44.0
2016,2_am_grenades,34_reg_Chernihiv,26.0
2017,2_am_grenades,34_reg_Chernihiv,13.0
2018,2_am_grenades,34_reg_Chernihiv,47.0
2019,2_am_grenades,34_reg_Chernihiv,18.0
2020,2_am_grenades,34_reg_Chernihiv,18.0
2021,2_am_grenades,34_reg_Chernihiv,10.0
2015,3_am_mines,34_reg_Chernihiv,
2016,3_am_mines,34_reg_Chernihiv,
2017,3_am_mines,34_reg_Chernihiv,
2018,3_am_mines,34_reg_Chernihiv,
2019,3_am_mines,34_reg_Chernihiv,
2020,3_am_mines,34_reg_Chernihiv,
2021,3_am_mines,34_reg_Chernihiv,
2015,4_am_devic,34_reg_Chernihiv,
2016,4_am_devic,34_reg_Chernihiv,1.0
2017,4_am_devic,34_reg_Chernihiv,1.0
2018,4_am_devic,34_reg_Chernihiv,1.0
2019,4_am_devic,34_reg_Chernihiv,
2020,4_am_devic,34_reg_Chernihiv,
2021,4_am_devic,34_reg_Chernihiv,
2015,,35_reg_Kyiv_city,9851.0
2016,,35_reg_Kyiv_city,6250.0
2017,,35_reg_Kyiv_city,7531.0
2018,,35_reg_Kyiv_city,26260.0
2019,,35_reg_Kyiv_city,7857.0
2020,,35_reg_Kyiv_city,4715.0
2021,,35_reg_Kyiv_city,5985.0
2015,1_am_cartridges,35_reg_Kyiv_city,9808.0
2016,1_am_cartridges,35_reg_Kyiv_city,6164.0
2017,1_am_cartridges,35_reg_Kyiv_city,7394.0
2018,1_am_cartridges,35_reg_Kyiv_city,26130.0
2019,1_am_cartridges,35_reg_Kyiv_city,7799.0
2020,1_am_cartridges,35_reg_Kyiv_city,4673.0
2021,1_am_cartridges,35_reg_Kyiv_city,5923.0
2015,2_am_grenades,35_reg_Kyiv_city,42.0
2016,2_am_grenades,35_reg_Kyiv_city,86.0
2017,2_am_grenades,35_reg_Kyiv_city,136.0
2018,2_am_grenades,35_reg_Kyiv_city,109.0
2019,2_am_grenades,35_reg_Kyiv_city,53.0
2020,2_am_grenades,35_reg_Kyiv_city,29.0
2021,2_am_grenades,35_reg_Kyiv_city,35.0
2015,3_am_mines,35_reg_Kyiv_city,
2016,3_am_mines,35_reg_Kyiv_city,
2017,3_am_mines,35_reg_Kyiv_city,
2018,3_am_mines,35_reg_Kyiv_city,9.0
2019,3_am_mines,35_reg_Kyiv_city,
2020,3_am_mines,35_reg_Kyiv_city,
2021,3_am_mines,35_reg_Kyiv_city,
2015,4_am_devic,35_reg_Kyiv_city,1.0
2016,4_am_devic,35_reg_Kyiv_city,
2017,4_am_devic,35_reg_Kyiv_city,1.0
2018,4_am_devic,35_reg_Kyiv_city,12.0
2019,4_am_devic,35_reg_Kyiv_city,5.0
2020,4_am_devic,35_reg_Kyiv_city,13.0
2021,4_am_devic,35_reg_Kyiv_city,27.0
