Year,Component,Region,Age,Gender,Value
2017,com_1_cohension,14_reg_Donetsk,age_1_18_35,,
2018,com_1_cohension,14_reg_Donetsk,age_1_18_35,,
2019,com_1_cohension,14_reg_Donetsk,age_1_18_35,,
2017,com_1_cohension,14_reg_Donetsk,age_2_36_60,,6.7
2018,com_1_cohension,14_reg_Donetsk,age_2_36_60,,
2019,com_1_cohension,14_reg_Donetsk,age_2_36_60,,
2017,com_1_cohension,14_reg_Donetsk,age_3_61,,7.0
2018,com_1_cohension,14_reg_Donetsk,age_3_61,,
2019,com_1_cohension,14_reg_Donetsk,age_3_61,,
2017,com_1_cohension,14_reg_Donetsk,,males,6.7
2018,com_1_cohension,14_reg_Donetsk,,males,
2019,com_1_cohension,14_reg_Donetsk,,males,
2017,com_1_cohension,14_reg_Donetsk,,females,6.8
2018,com_1_cohension,14_reg_Donetsk,,females,
2019,com_1_cohension,14_reg_Donetsk,,females,
2017,com_1_cohension,21_reg_Luhansk,age_1_18_35,,6.4
2018,com_1_cohension,21_reg_Luhansk,age_1_18_35,,
2019,com_1_cohension,21_reg_Luhansk,age_1_18_35,,
2017,com_1_cohension,21_reg_Luhansk,age_2_36_60,,6.7
2018,com_1_cohension,21_reg_Luhansk,age_2_36_60,,
2019,com_1_cohension,21_reg_Luhansk,age_2_36_60,,
2017,com_1_cohension,21_reg_Luhansk,age_3_61,,6.9
2018,com_1_cohension,21_reg_Luhansk,age_3_61,,
2019,com_1_cohension,21_reg_Luhansk,age_3_61,,
2017,com_1_cohension,21_reg_Luhansk,,males,6.7
2018,com_1_cohension,21_reg_Luhansk,,males,
2019,com_1_cohension,21_reg_Luhansk,,males,
2017,com_1_cohension,21_reg_Luhansk,,females,6.7
2018,com_1_cohension,21_reg_Luhansk,,females,
2019,com_1_cohension,21_reg_Luhansk,,females,
2017,com_1_cohension,13_reg_Dnipropetrovsk,age_1_18_35,,6.4
2018,com_1_cohension,13_reg_Dnipropetrovsk,age_1_18_35,,
2019,com_1_cohension,13_reg_Dnipropetrovsk,age_1_18_35,,
2017,com_1_cohension,13_reg_Dnipropetrovsk,age_2_36_60,,6.6
2018,com_1_cohension,13_reg_Dnipropetrovsk,age_2_36_60,,
2019,com_1_cohension,13_reg_Dnipropetrovsk,age_2_36_60,,
2017,com_1_cohension,13_reg_Dnipropetrovsk,age_3_61,,7.0
2018,com_1_cohension,13_reg_Dnipropetrovsk,age_3_61,,
2019,com_1_cohension,13_reg_Dnipropetrovsk,age_3_61,,
2017,com_1_cohension,13_reg_Dnipropetrovsk,,males,6.6
2018,com_1_cohension,13_reg_Dnipropetrovsk,,males,
2019,com_1_cohension,13_reg_Dnipropetrovsk,,males,
2017,com_1_cohension,13_reg_Dnipropetrovsk,,females,6.6
2018,com_1_cohension,13_reg_Dnipropetrovsk,,females,
2019,com_1_cohension,13_reg_Dnipropetrovsk,,females,
2017,com_1_cohension,17_reg_Zaporizhya,age_1_18_35,,6.3
2018,com_1_cohension,17_reg_Zaporizhya,age_1_18_35,,
2019,com_1_cohension,17_reg_Zaporizhya,age_1_18_35,,
2017,com_1_cohension,17_reg_Zaporizhya,age_2_36_60,,6.5
2018,com_1_cohension,17_reg_Zaporizhya,age_2_36_60,,
2019,com_1_cohension,17_reg_Zaporizhya,age_2_36_60,,
2017,com_1_cohension,17_reg_Zaporizhya,age_3_61,,6.8
2018,com_1_cohension,17_reg_Zaporizhya,age_3_61,,
2019,com_1_cohension,17_reg_Zaporizhya,age_3_61,,
2017,com_1_cohension,17_reg_Zaporizhya,,males,6.4
2018,com_1_cohension,17_reg_Zaporizhya,,males,
2019,com_1_cohension,17_reg_Zaporizhya,,males,
2017,com_1_cohension,17_reg_Zaporizhya,,females,6.6
2018,com_1_cohension,17_reg_Zaporizhya,,females,
2019,com_1_cohension,17_reg_Zaporizhya,,females,
2017,com_1_cohension,29_reg_Kharkiv,age_1_18_35,,6.4
2018,com_1_cohension,29_reg_Kharkiv,age_1_18_35,,
2019,com_1_cohension,29_reg_Kharkiv,age_1_18_35,,
2017,com_1_cohension,29_reg_Kharkiv,age_2_36_60,,6.6
2018,com_1_cohension,29_reg_Kharkiv,age_2_36_60,,
2019,com_1_cohension,29_reg_Kharkiv,age_2_36_60,,
2017,com_1_cohension,29_reg_Kharkiv,age_3_61,,6.7
2018,com_1_cohension,29_reg_Kharkiv,age_3_61,,
2019,com_1_cohension,29_reg_Kharkiv,age_3_61,,
2017,com_1_cohension,29_reg_Kharkiv,,males,6.5
2018,com_1_cohension,29_reg_Kharkiv,,males,
2019,com_1_cohension,29_reg_Kharkiv,,males,
2017,com_1_cohension,29_reg_Kharkiv,,females,6.7
2018,com_1_cohension,29_reg_Kharkiv,,females,
2019,com_1_cohension,29_reg_Kharkiv,,females,
2017,com_2_tolerance,14_reg_Donetsk,age_1_18_35,,
2018,com_2_tolerance,14_reg_Donetsk,age_1_18_35,,
2019,com_2_tolerance,14_reg_Donetsk,age_1_18_35,,
2017,com_2_tolerance,14_reg_Donetsk,age_2_36_60,,5.0
2018,com_2_tolerance,14_reg_Donetsk,age_2_36_60,,
2019,com_2_tolerance,14_reg_Donetsk,age_2_36_60,,
2017,com_2_tolerance,14_reg_Donetsk,age_3_61,,4.8
2018,com_2_tolerance,14_reg_Donetsk,age_3_61,,
2019,com_2_tolerance,14_reg_Donetsk,age_3_61,,
2017,com_2_tolerance,14_reg_Donetsk,,males,4.9
2018,com_2_tolerance,14_reg_Donetsk,,males,
2019,com_2_tolerance,14_reg_Donetsk,,males,
2017,com_2_tolerance,14_reg_Donetsk,,females,5.0
2018,com_2_tolerance,14_reg_Donetsk,,females,
2019,com_2_tolerance,14_reg_Donetsk,,females,
2017,com_2_tolerance,21_reg_Luhansk,age_1_18_35,,4.9
2018,com_2_tolerance,21_reg_Luhansk,age_1_18_35,,
2019,com_2_tolerance,21_reg_Luhansk,age_1_18_35,,
2017,com_2_tolerance,21_reg_Luhansk,age_2_36_60,,4.9
2018,com_2_tolerance,21_reg_Luhansk,age_2_36_60,,
2019,com_2_tolerance,21_reg_Luhansk,age_2_36_60,,
2017,com_2_tolerance,21_reg_Luhansk,age_3_61,,4.6
2018,com_2_tolerance,21_reg_Luhansk,age_3_61,,
2019,com_2_tolerance,21_reg_Luhansk,age_3_61,,
2017,com_2_tolerance,21_reg_Luhansk,,males,4.7
2018,com_2_tolerance,21_reg_Luhansk,,males,
2019,com_2_tolerance,21_reg_Luhansk,,males,
2017,com_2_tolerance,21_reg_Luhansk,,females,4.9
2018,com_2_tolerance,21_reg_Luhansk,,females,
2019,com_2_tolerance,21_reg_Luhansk,,females,
2017,com_2_tolerance,13_reg_Dnipropetrovsk,age_1_18_35,,4.8
2018,com_2_tolerance,13_reg_Dnipropetrovsk,age_1_18_35,,
2019,com_2_tolerance,13_reg_Dnipropetrovsk,age_1_18_35,,
2017,com_2_tolerance,13_reg_Dnipropetrovsk,age_2_36_60,,4.8
2018,com_2_tolerance,13_reg_Dnipropetrovsk,age_2_36_60,,
2019,com_2_tolerance,13_reg_Dnipropetrovsk,age_2_36_60,,
2017,com_2_tolerance,13_reg_Dnipropetrovsk,age_3_61,,4.7
2018,com_2_tolerance,13_reg_Dnipropetrovsk,age_3_61,,
2019,com_2_tolerance,13_reg_Dnipropetrovsk,age_3_61,,
2017,com_2_tolerance,13_reg_Dnipropetrovsk,,males,4.7
2018,com_2_tolerance,13_reg_Dnipropetrovsk,,males,
2019,com_2_tolerance,13_reg_Dnipropetrovsk,,males,
2017,com_2_tolerance,13_reg_Dnipropetrovsk,,females,4.8
2018,com_2_tolerance,13_reg_Dnipropetrovsk,,females,
2019,com_2_tolerance,13_reg_Dnipropetrovsk,,females,
2017,com_2_tolerance,17_reg_Zaporizhya,age_1_18_35,,4.9
2018,com_2_tolerance,17_reg_Zaporizhya,age_1_18_35,,
2019,com_2_tolerance,17_reg_Zaporizhya,age_1_18_35,,
2017,com_2_tolerance,17_reg_Zaporizhya,age_2_36_60,,4.8
2018,com_2_tolerance,17_reg_Zaporizhya,age_2_36_60,,
2019,com_2_tolerance,17_reg_Zaporizhya,age_2_36_60,,
2017,com_2_tolerance,17_reg_Zaporizhya,age_3_61,,4.8
2018,com_2_tolerance,17_reg_Zaporizhya,age_3_61,,
2019,com_2_tolerance,17_reg_Zaporizhya,age_3_61,,
2017,com_2_tolerance,17_reg_Zaporizhya,,males,4.7
2018,com_2_tolerance,17_reg_Zaporizhya,,males,
2019,com_2_tolerance,17_reg_Zaporizhya,,males,
2017,com_2_tolerance,17_reg_Zaporizhya,,females,5.0
2018,com_2_tolerance,17_reg_Zaporizhya,,females,
2019,com_2_tolerance,17_reg_Zaporizhya,,females,
2017,com_2_tolerance,29_reg_Kharkiv,age_1_18_35,,4.7
2018,com_2_tolerance,29_reg_Kharkiv,age_1_18_35,,
2019,com_2_tolerance,29_reg_Kharkiv,age_1_18_35,,
2017,com_2_tolerance,29_reg_Kharkiv,age_2_36_60,,4.8
2018,com_2_tolerance,29_reg_Kharkiv,age_2_36_60,,
2019,com_2_tolerance,29_reg_Kharkiv,age_2_36_60,,
2017,com_2_tolerance,29_reg_Kharkiv,age_3_61,,4.7
2018,com_2_tolerance,29_reg_Kharkiv,age_3_61,,
2019,com_2_tolerance,29_reg_Kharkiv,age_3_61,,
2017,com_2_tolerance,29_reg_Kharkiv,,males,4.6
2018,com_2_tolerance,29_reg_Kharkiv,,males,
2019,com_2_tolerance,29_reg_Kharkiv,,males,
2017,com_2_tolerance,29_reg_Kharkiv,,females,4.9
2018,com_2_tolerance,29_reg_Kharkiv,,females,
2019,com_2_tolerance,29_reg_Kharkiv,,females,
2017,com_3_adapt,14_reg_Donetsk,age_1_18_35,,
2018,com_3_adapt,14_reg_Donetsk,age_1_18_35,,
2019,com_3_adapt,14_reg_Donetsk,age_1_18_35,,
2017,com_3_adapt,14_reg_Donetsk,age_2_36_60,,7.8
2018,com_3_adapt,14_reg_Donetsk,age_2_36_60,,
2019,com_3_adapt,14_reg_Donetsk,age_2_36_60,,
2017,com_3_adapt,14_reg_Donetsk,age_3_61,,7.8
2018,com_3_adapt,14_reg_Donetsk,age_3_61,,
2019,com_3_adapt,14_reg_Donetsk,age_3_61,,
2017,com_3_adapt,14_reg_Donetsk,,males,7.7
2018,com_3_adapt,14_reg_Donetsk,,males,
2019,com_3_adapt,14_reg_Donetsk,,males,
2017,com_3_adapt,14_reg_Donetsk,,females,7.9
2018,com_3_adapt,14_reg_Donetsk,,females,
2019,com_3_adapt,14_reg_Donetsk,,females,
2017,com_3_adapt,21_reg_Luhansk,age_1_18_35,,7.9
2018,com_3_adapt,21_reg_Luhansk,age_1_18_35,,
2019,com_3_adapt,21_reg_Luhansk,age_1_18_35,,
2017,com_3_adapt,21_reg_Luhansk,age_2_36_60,,7.9
2018,com_3_adapt,21_reg_Luhansk,age_2_36_60,,
2019,com_3_adapt,21_reg_Luhansk,age_2_36_60,,
2017,com_3_adapt,21_reg_Luhansk,age_3_61,,7.8
2018,com_3_adapt,21_reg_Luhansk,age_3_61,,
2019,com_3_adapt,21_reg_Luhansk,age_3_61,,
2017,com_3_adapt,21_reg_Luhansk,,males,7.8
2018,com_3_adapt,21_reg_Luhansk,,males,
2019,com_3_adapt,21_reg_Luhansk,,males,
2017,com_3_adapt,21_reg_Luhansk,,females,7.9
2018,com_3_adapt,21_reg_Luhansk,,females,
2019,com_3_adapt,21_reg_Luhansk,,females,
2017,com_3_adapt,13_reg_Dnipropetrovsk,age_1_18_35,,7.7
2018,com_3_adapt,13_reg_Dnipropetrovsk,age_1_18_35,,
2019,com_3_adapt,13_reg_Dnipropetrovsk,age_1_18_35,,
2017,com_3_adapt,13_reg_Dnipropetrovsk,age_2_36_60,,7.7
2018,com_3_adapt,13_reg_Dnipropetrovsk,age_2_36_60,,
2019,com_3_adapt,13_reg_Dnipropetrovsk,age_2_36_60,,
2017,com_3_adapt,13_reg_Dnipropetrovsk,age_3_61,,7.7
2018,com_3_adapt,13_reg_Dnipropetrovsk,age_3_61,,
2019,com_3_adapt,13_reg_Dnipropetrovsk,age_3_61,,
2017,com_3_adapt,13_reg_Dnipropetrovsk,,males,7.6
2018,com_3_adapt,13_reg_Dnipropetrovsk,,males,
2019,com_3_adapt,13_reg_Dnipropetrovsk,,males,
2017,com_3_adapt,13_reg_Dnipropetrovsk,,females,7.7
2018,com_3_adapt,13_reg_Dnipropetrovsk,,females,
2019,com_3_adapt,13_reg_Dnipropetrovsk,,females,
2017,com_3_adapt,17_reg_Zaporizhya,age_1_18_35,,7.8
2018,com_3_adapt,17_reg_Zaporizhya,age_1_18_35,,
2019,com_3_adapt,17_reg_Zaporizhya,age_1_18_35,,
2017,com_3_adapt,17_reg_Zaporizhya,age_2_36_60,,7.8
2018,com_3_adapt,17_reg_Zaporizhya,age_2_36_60,,
2019,com_3_adapt,17_reg_Zaporizhya,age_2_36_60,,
2017,com_3_adapt,17_reg_Zaporizhya,age_3_61,,7.8
2018,com_3_adapt,17_reg_Zaporizhya,age_3_61,,
2019,com_3_adapt,17_reg_Zaporizhya,age_3_61,,
2017,com_3_adapt,17_reg_Zaporizhya,,males,7.6
2018,com_3_adapt,17_reg_Zaporizhya,,males,
2019,com_3_adapt,17_reg_Zaporizhya,,males,
2017,com_3_adapt,17_reg_Zaporizhya,,females,8.0
2018,com_3_adapt,17_reg_Zaporizhya,,females,
2019,com_3_adapt,17_reg_Zaporizhya,,females,
2017,com_3_adapt,29_reg_Kharkiv,age_1_18_35,,7.7
2018,com_3_adapt,29_reg_Kharkiv,age_1_18_35,,
2019,com_3_adapt,29_reg_Kharkiv,age_1_18_35,,
2017,com_3_adapt,29_reg_Kharkiv,age_2_36_60,,7.8
2018,com_3_adapt,29_reg_Kharkiv,age_2_36_60,,
2019,com_3_adapt,29_reg_Kharkiv,age_2_36_60,,
2017,com_3_adapt,29_reg_Kharkiv,age_3_61,,7.8
2018,com_3_adapt,29_reg_Kharkiv,age_3_61,,
2019,com_3_adapt,29_reg_Kharkiv,age_3_61,,
2017,com_3_adapt,29_reg_Kharkiv,,males,7.6
2018,com_3_adapt,29_reg_Kharkiv,,males,
2019,com_3_adapt,29_reg_Kharkiv,,males,
2017,com_3_adapt,29_reg_Kharkiv,,females,7.9
2018,com_3_adapt,29_reg_Kharkiv,,females,
2019,com_3_adapt,29_reg_Kharkiv,,females,
2017,com_4_migration,14_reg_Donetsk,age_1_18_35,,
2018,com_4_migration,14_reg_Donetsk,age_1_18_35,,5.5
2019,com_4_migration,14_reg_Donetsk,age_1_18_35,,
2017,com_4_migration,14_reg_Donetsk,age_2_36_60,,4.1
2018,com_4_migration,14_reg_Donetsk,age_2_36_60,,4.8
2019,com_4_migration,14_reg_Donetsk,age_2_36_60,,
2017,com_4_migration,14_reg_Donetsk,age_3_61,,3.3
2018,com_4_migration,14_reg_Donetsk,age_3_61,,3.8
2019,com_4_migration,14_reg_Donetsk,age_3_61,,
2017,com_4_migration,14_reg_Donetsk,,males,4.2
2018,com_4_migration,14_reg_Donetsk,,males,4.9
2019,com_4_migration,14_reg_Donetsk,,males,
2017,com_4_migration,14_reg_Donetsk,,females,4.2
2018,com_4_migration,14_reg_Donetsk,,females,4.6
2019,com_4_migration,14_reg_Donetsk,,females,
2017,com_4_migration,21_reg_Luhansk,age_1_18_35,,5.4
2018,com_4_migration,21_reg_Luhansk,age_1_18_35,,6.1
2019,com_4_migration,21_reg_Luhansk,age_1_18_35,,
2017,com_4_migration,21_reg_Luhansk,age_2_36_60,,4.4
2018,com_4_migration,21_reg_Luhansk,age_2_36_60,,5.4
2019,com_4_migration,21_reg_Luhansk,age_2_36_60,,
2017,com_4_migration,21_reg_Luhansk,age_3_61,,3.5
2018,com_4_migration,21_reg_Luhansk,age_3_61,,4.3
2019,com_4_migration,21_reg_Luhansk,age_3_61,,
2017,com_4_migration,21_reg_Luhansk,,males,4.4
2018,com_4_migration,21_reg_Luhansk,,males,5.3
2019,com_4_migration,21_reg_Luhansk,,males,
2017,com_4_migration,21_reg_Luhansk,,females,4.4
2018,com_4_migration,21_reg_Luhansk,,females,5.3
2019,com_4_migration,21_reg_Luhansk,,females,
2017,com_4_migration,13_reg_Dnipropetrovsk,age_1_18_35,,5.0
2018,com_4_migration,13_reg_Dnipropetrovsk,age_1_18_35,,5.7
2019,com_4_migration,13_reg_Dnipropetrovsk,age_1_18_35,,
2017,com_4_migration,13_reg_Dnipropetrovsk,age_2_36_60,,4.0
2018,com_4_migration,13_reg_Dnipropetrovsk,age_2_36_60,,4.6
2019,com_4_migration,13_reg_Dnipropetrovsk,age_2_36_60,,
2017,com_4_migration,13_reg_Dnipropetrovsk,age_3_61,,3.2
2018,com_4_migration,13_reg_Dnipropetrovsk,age_3_61,,3.5
2019,com_4_migration,13_reg_Dnipropetrovsk,age_3_61,,
2017,com_4_migration,13_reg_Dnipropetrovsk,,males,4.3
2018,com_4_migration,13_reg_Dnipropetrovsk,,males,4.8
2019,com_4_migration,13_reg_Dnipropetrovsk,,males,
2017,com_4_migration,13_reg_Dnipropetrovsk,,females,3.9
2018,com_4_migration,13_reg_Dnipropetrovsk,,females,4.6
2019,com_4_migration,13_reg_Dnipropetrovsk,,females,
2017,com_4_migration,17_reg_Zaporizhya,age_1_18_35,,5.4
2018,com_4_migration,17_reg_Zaporizhya,age_1_18_35,,5.4
2019,com_4_migration,17_reg_Zaporizhya,age_1_18_35,,
2017,com_4_migration,17_reg_Zaporizhya,age_2_36_60,,4.1
2018,com_4_migration,17_reg_Zaporizhya,age_2_36_60,,4.4
2019,com_4_migration,17_reg_Zaporizhya,age_2_36_60,,
2017,com_4_migration,17_reg_Zaporizhya,age_3_61,,3.0
2018,com_4_migration,17_reg_Zaporizhya,age_3_61,,3.4
2019,com_4_migration,17_reg_Zaporizhya,age_3_61,,
2017,com_4_migration,17_reg_Zaporizhya,,males,4.2
2018,com_4_migration,17_reg_Zaporizhya,,males,4.6
2019,com_4_migration,17_reg_Zaporizhya,,males,
2017,com_4_migration,17_reg_Zaporizhya,,females,4.2
2018,com_4_migration,17_reg_Zaporizhya,,females,4.4
2019,com_4_migration,17_reg_Zaporizhya,,females,
2017,com_4_migration,29_reg_Kharkiv,age_1_18_35,,5.0
2018,com_4_migration,29_reg_Kharkiv,age_1_18_35,,5.7
2019,com_4_migration,29_reg_Kharkiv,age_1_18_35,,
2017,com_4_migration,29_reg_Kharkiv,age_2_36_60,,4.1
2018,com_4_migration,29_reg_Kharkiv,age_2_36_60,,4.7
2019,com_4_migration,29_reg_Kharkiv,age_2_36_60,,
2017,com_4_migration,29_reg_Kharkiv,age_3_61,,3.2
2018,com_4_migration,29_reg_Kharkiv,age_3_61,,4.2
2019,com_4_migration,29_reg_Kharkiv,age_3_61,,
2017,com_4_migration,29_reg_Kharkiv,,males,4.3
2018,com_4_migration,29_reg_Kharkiv,,males,5.1
2019,com_4_migration,29_reg_Kharkiv,,males,
2017,com_4_migration,29_reg_Kharkiv,,females,4.1
2018,com_4_migration,29_reg_Kharkiv,,females,4.7
2019,com_4_migration,29_reg_Kharkiv,,females,
2017,com_5_dialogue,14_reg_Donetsk,age_1_18_35,,
2018,com_5_dialogue,14_reg_Donetsk,age_1_18_35,,6.6
2019,com_5_dialogue,14_reg_Donetsk,age_1_18_35,,
2017,com_5_dialogue,14_reg_Donetsk,age_2_36_60,,
2018,com_5_dialogue,14_reg_Donetsk,age_2_36_60,,6.7
2019,com_5_dialogue,14_reg_Donetsk,age_2_36_60,,
2017,com_5_dialogue,14_reg_Donetsk,age_3_61,,
2018,com_5_dialogue,14_reg_Donetsk,age_3_61,,6.8
2019,com_5_dialogue,14_reg_Donetsk,age_3_61,,
2017,com_5_dialogue,14_reg_Donetsk,,males,
2018,com_5_dialogue,14_reg_Donetsk,,males,6.6
2019,com_5_dialogue,14_reg_Donetsk,,males,
2017,com_5_dialogue,14_reg_Donetsk,,females,
2018,com_5_dialogue,14_reg_Donetsk,,females,6.8
2019,com_5_dialogue,14_reg_Donetsk,,females,
2017,com_5_dialogue,21_reg_Luhansk,age_1_18_35,,
2018,com_5_dialogue,21_reg_Luhansk,age_1_18_35,,6.0
2019,com_5_dialogue,21_reg_Luhansk,age_1_18_35,,
2017,com_5_dialogue,21_reg_Luhansk,age_2_36_60,,
2018,com_5_dialogue,21_reg_Luhansk,age_2_36_60,,6.3
2019,com_5_dialogue,21_reg_Luhansk,age_2_36_60,,
2017,com_5_dialogue,21_reg_Luhansk,age_3_61,,
2018,com_5_dialogue,21_reg_Luhansk,age_3_61,,6.0
2019,com_5_dialogue,21_reg_Luhansk,age_3_61,,
2017,com_5_dialogue,21_reg_Luhansk,,males,
2018,com_5_dialogue,21_reg_Luhansk,,males,6.2
2019,com_5_dialogue,21_reg_Luhansk,,males,
2017,com_5_dialogue,21_reg_Luhansk,,females,
2018,com_5_dialogue,21_reg_Luhansk,,females,6.1
2019,com_5_dialogue,21_reg_Luhansk,,females,
2017,com_5_dialogue,13_reg_Dnipropetrovsk,age_1_18_35,,
2018,com_5_dialogue,13_reg_Dnipropetrovsk,age_1_18_35,,5.9
2019,com_5_dialogue,13_reg_Dnipropetrovsk,age_1_18_35,,
2017,com_5_dialogue,13_reg_Dnipropetrovsk,age_2_36_60,,
2018,com_5_dialogue,13_reg_Dnipropetrovsk,age_2_36_60,,5.9
2019,com_5_dialogue,13_reg_Dnipropetrovsk,age_2_36_60,,
2017,com_5_dialogue,13_reg_Dnipropetrovsk,age_3_61,,
2018,com_5_dialogue,13_reg_Dnipropetrovsk,age_3_61,,5.6
2019,com_5_dialogue,13_reg_Dnipropetrovsk,age_3_61,,
2017,com_5_dialogue,13_reg_Dnipropetrovsk,,males,
2018,com_5_dialogue,13_reg_Dnipropetrovsk,,males,6.0
2019,com_5_dialogue,13_reg_Dnipropetrovsk,,males,
2017,com_5_dialogue,13_reg_Dnipropetrovsk,,females,
2018,com_5_dialogue,13_reg_Dnipropetrovsk,,females,5.7
2019,com_5_dialogue,13_reg_Dnipropetrovsk,,females,
2017,com_5_dialogue,17_reg_Zaporizhya,age_1_18_35,,
2018,com_5_dialogue,17_reg_Zaporizhya,age_1_18_35,,5.8
2019,com_5_dialogue,17_reg_Zaporizhya,age_1_18_35,,
2017,com_5_dialogue,17_reg_Zaporizhya,age_2_36_60,,
2018,com_5_dialogue,17_reg_Zaporizhya,age_2_36_60,,6.5
2019,com_5_dialogue,17_reg_Zaporizhya,age_2_36_60,,
2017,com_5_dialogue,17_reg_Zaporizhya,age_3_61,,
2018,com_5_dialogue,17_reg_Zaporizhya,age_3_61,,6.2
2019,com_5_dialogue,17_reg_Zaporizhya,age_3_61,,
2017,com_5_dialogue,17_reg_Zaporizhya,,males,
2018,com_5_dialogue,17_reg_Zaporizhya,,males,6.2
2019,com_5_dialogue,17_reg_Zaporizhya,,males,
2017,com_5_dialogue,17_reg_Zaporizhya,,females,
2018,com_5_dialogue,17_reg_Zaporizhya,,females,6.2
2019,com_5_dialogue,17_reg_Zaporizhya,,females,
2017,com_5_dialogue,29_reg_Kharkiv,age_1_18_35,,
2018,com_5_dialogue,29_reg_Kharkiv,age_1_18_35,,6.2
2019,com_5_dialogue,29_reg_Kharkiv,age_1_18_35,,
2017,com_5_dialogue,29_reg_Kharkiv,age_2_36_60,,
2018,com_5_dialogue,29_reg_Kharkiv,age_2_36_60,,6.3
2019,com_5_dialogue,29_reg_Kharkiv,age_2_36_60,,
2017,com_5_dialogue,29_reg_Kharkiv,age_3_61,,
2018,com_5_dialogue,29_reg_Kharkiv,age_3_61,,6.6
2019,com_5_dialogue,29_reg_Kharkiv,age_3_61,,
2017,com_5_dialogue,29_reg_Kharkiv,,males,
2018,com_5_dialogue,29_reg_Kharkiv,,males,6.8
2019,com_5_dialogue,29_reg_Kharkiv,,males,
2017,com_5_dialogue,29_reg_Kharkiv,,females,
2018,com_5_dialogue,29_reg_Kharkiv,,females,6.1
2019,com_5_dialogue,29_reg_Kharkiv,,females,
2017,com_6_civic,14_reg_Donetsk,age_1_18_35,,
2018,com_6_civic,14_reg_Donetsk,age_1_18_35,,4.7
2019,com_6_civic,14_reg_Donetsk,age_1_18_35,,6.6
2017,com_6_civic,14_reg_Donetsk,age_2_36_60,,
2018,com_6_civic,14_reg_Donetsk,age_2_36_60,,3.4
2019,com_6_civic,14_reg_Donetsk,age_2_36_60,,6.5
2017,com_6_civic,14_reg_Donetsk,age_3_61,,
2018,com_6_civic,14_reg_Donetsk,age_3_61,,2.2
2019,com_6_civic,14_reg_Donetsk,age_3_61,,6.3
2017,com_6_civic,14_reg_Donetsk,,males,
2018,com_6_civic,14_reg_Donetsk,,males,3.8
2019,com_6_civic,14_reg_Donetsk,,males,6.6
2017,com_6_civic,14_reg_Donetsk,,females,
2018,com_6_civic,14_reg_Donetsk,,females,3.2
2019,com_6_civic,14_reg_Donetsk,,females,6.4
2017,com_6_civic,21_reg_Luhansk,age_1_18_35,,
2018,com_6_civic,21_reg_Luhansk,age_1_18_35,,4.4
2019,com_6_civic,21_reg_Luhansk,age_1_18_35,,7.0
2017,com_6_civic,21_reg_Luhansk,age_2_36_60,,
2018,com_6_civic,21_reg_Luhansk,age_2_36_60,,4.3
2019,com_6_civic,21_reg_Luhansk,age_2_36_60,,6.2
2017,com_6_civic,21_reg_Luhansk,age_3_61,,
2018,com_6_civic,21_reg_Luhansk,age_3_61,,2.3
2019,com_6_civic,21_reg_Luhansk,age_3_61,,5.8
2017,com_6_civic,21_reg_Luhansk,,males,
2018,com_6_civic,21_reg_Luhansk,,males,4.2
2019,com_6_civic,21_reg_Luhansk,,males,6.2
2017,com_6_civic,21_reg_Luhansk,,females,
2018,com_6_civic,21_reg_Luhansk,,females,3.5
2019,com_6_civic,21_reg_Luhansk,,females,6.4
2017,com_6_civic,13_reg_Dnipropetrovsk,age_1_18_35,,
2018,com_6_civic,13_reg_Dnipropetrovsk,age_1_18_35,,5.0
2019,com_6_civic,13_reg_Dnipropetrovsk,age_1_18_35,,
2017,com_6_civic,13_reg_Dnipropetrovsk,age_2_36_60,,
2018,com_6_civic,13_reg_Dnipropetrovsk,age_2_36_60,,4.7
2019,com_6_civic,13_reg_Dnipropetrovsk,age_2_36_60,,
2017,com_6_civic,13_reg_Dnipropetrovsk,age_3_61,,
2018,com_6_civic,13_reg_Dnipropetrovsk,age_3_61,,4.2
2019,com_6_civic,13_reg_Dnipropetrovsk,age_3_61,,
2017,com_6_civic,13_reg_Dnipropetrovsk,,males,
2018,com_6_civic,13_reg_Dnipropetrovsk,,males,5.3
2019,com_6_civic,13_reg_Dnipropetrovsk,,males,
2017,com_6_civic,13_reg_Dnipropetrovsk,,females,
2018,com_6_civic,13_reg_Dnipropetrovsk,,females,4.1
2019,com_6_civic,13_reg_Dnipropetrovsk,,females,
2017,com_6_civic,17_reg_Zaporizhya,age_1_18_35,,
2018,com_6_civic,17_reg_Zaporizhya,age_1_18_35,,4.8
2019,com_6_civic,17_reg_Zaporizhya,age_1_18_35,,
2017,com_6_civic,17_reg_Zaporizhya,age_2_36_60,,
2018,com_6_civic,17_reg_Zaporizhya,age_2_36_60,,4.6
2019,com_6_civic,17_reg_Zaporizhya,age_2_36_60,,
2017,com_6_civic,17_reg_Zaporizhya,age_3_61,,
2018,com_6_civic,17_reg_Zaporizhya,age_3_61,,3.4
2019,com_6_civic,17_reg_Zaporizhya,age_3_61,,
2017,com_6_civic,17_reg_Zaporizhya,,males,
2018,com_6_civic,17_reg_Zaporizhya,,males,4.5
2019,com_6_civic,17_reg_Zaporizhya,,males,
2017,com_6_civic,17_reg_Zaporizhya,,females,
2018,com_6_civic,17_reg_Zaporizhya,,females,4.2
2019,com_6_civic,17_reg_Zaporizhya,,females,
2017,com_6_civic,29_reg_Kharkiv,age_1_18_35,,
2018,com_6_civic,29_reg_Kharkiv,age_1_18_35,,4.4
2019,com_6_civic,29_reg_Kharkiv,age_1_18_35,,
2017,com_6_civic,29_reg_Kharkiv,age_2_36_60,,
2018,com_6_civic,29_reg_Kharkiv,age_2_36_60,,4.1
2019,com_6_civic,29_reg_Kharkiv,age_2_36_60,,
2017,com_6_civic,29_reg_Kharkiv,age_3_61,,
2018,com_6_civic,29_reg_Kharkiv,age_3_61,,2.1
2019,com_6_civic,29_reg_Kharkiv,age_3_61,,
2017,com_6_civic,29_reg_Kharkiv,,males,
2018,com_6_civic,29_reg_Kharkiv,,males,3.9
2019,com_6_civic,29_reg_Kharkiv,,males,
2017,com_6_civic,29_reg_Kharkiv,,females,
2018,com_6_civic,29_reg_Kharkiv,,females,3.6
2019,com_6_civic,29_reg_Kharkiv,,females,
2017,com_7_relations,14_reg_Donetsk,age_1_18_35,,
2018,com_7_relations,14_reg_Donetsk,age_1_18_35,,0.9
2019,com_7_relations,14_reg_Donetsk,age_1_18_35,,
2017,com_7_relations,14_reg_Donetsk,age_2_36_60,,
2018,com_7_relations,14_reg_Donetsk,age_2_36_60,,0.9
2019,com_7_relations,14_reg_Donetsk,age_2_36_60,,
2017,com_7_relations,14_reg_Donetsk,age_3_61,,
2018,com_7_relations,14_reg_Donetsk,age_3_61,,0.6
2019,com_7_relations,14_reg_Donetsk,age_3_61,,
2017,com_7_relations,14_reg_Donetsk,,males,
2018,com_7_relations,14_reg_Donetsk,,males,0.9
2019,com_7_relations,14_reg_Donetsk,,males,
2017,com_7_relations,14_reg_Donetsk,,females,
2018,com_7_relations,14_reg_Donetsk,,females,0.8
2019,com_7_relations,14_reg_Donetsk,,females,
2017,com_7_relations,21_reg_Luhansk,age_1_18_35,,
2018,com_7_relations,21_reg_Luhansk,age_1_18_35,,0.8
2019,com_7_relations,21_reg_Luhansk,age_1_18_35,,
2017,com_7_relations,21_reg_Luhansk,age_2_36_60,,
2018,com_7_relations,21_reg_Luhansk,age_2_36_60,,0.9
2019,com_7_relations,21_reg_Luhansk,age_2_36_60,,
2017,com_7_relations,21_reg_Luhansk,age_3_61,,
2018,com_7_relations,21_reg_Luhansk,age_3_61,,0.6
2019,com_7_relations,21_reg_Luhansk,age_3_61,,
2017,com_7_relations,21_reg_Luhansk,,males,
2018,com_7_relations,21_reg_Luhansk,,males,0.9
2019,com_7_relations,21_reg_Luhansk,,males,
2017,com_7_relations,21_reg_Luhansk,,females,
2018,com_7_relations,21_reg_Luhansk,,females,0.7
2019,com_7_relations,21_reg_Luhansk,,females,
2017,com_7_relations,13_reg_Dnipropetrovsk,age_1_18_35,,
2018,com_7_relations,13_reg_Dnipropetrovsk,age_1_18_35,,1.1
2019,com_7_relations,13_reg_Dnipropetrovsk,age_1_18_35,,
2017,com_7_relations,13_reg_Dnipropetrovsk,age_2_36_60,,
2018,com_7_relations,13_reg_Dnipropetrovsk,age_2_36_60,,0.8
2019,com_7_relations,13_reg_Dnipropetrovsk,age_2_36_60,,
2017,com_7_relations,13_reg_Dnipropetrovsk,age_3_61,,
2018,com_7_relations,13_reg_Dnipropetrovsk,age_3_61,,0.6
2019,com_7_relations,13_reg_Dnipropetrovsk,age_3_61,,
2017,com_7_relations,13_reg_Dnipropetrovsk,,males,
2018,com_7_relations,13_reg_Dnipropetrovsk,,males,0.9
2019,com_7_relations,13_reg_Dnipropetrovsk,,males,
2017,com_7_relations,13_reg_Dnipropetrovsk,,females,
2018,com_7_relations,13_reg_Dnipropetrovsk,,females,0.8
2019,com_7_relations,13_reg_Dnipropetrovsk,,females,
2017,com_7_relations,17_reg_Zaporizhya,age_1_18_35,,
2018,com_7_relations,17_reg_Zaporizhya,age_1_18_35,,1.4
2019,com_7_relations,17_reg_Zaporizhya,age_1_18_35,,
2017,com_7_relations,17_reg_Zaporizhya,age_2_36_60,,
2018,com_7_relations,17_reg_Zaporizhya,age_2_36_60,,1.3
2019,com_7_relations,17_reg_Zaporizhya,age_2_36_60,,
2017,com_7_relations,17_reg_Zaporizhya,age_3_61,,
2018,com_7_relations,17_reg_Zaporizhya,age_3_61,,0.7
2019,com_7_relations,17_reg_Zaporizhya,age_3_61,,
2017,com_7_relations,17_reg_Zaporizhya,,males,
2018,com_7_relations,17_reg_Zaporizhya,,males,1.2
2019,com_7_relations,17_reg_Zaporizhya,,males,
2017,com_7_relations,17_reg_Zaporizhya,,females,
2018,com_7_relations,17_reg_Zaporizhya,,females,1.1
2019,com_7_relations,17_reg_Zaporizhya,,females,
2017,com_7_relations,29_reg_Kharkiv,age_1_18_35,,
2018,com_7_relations,29_reg_Kharkiv,age_1_18_35,,1.5
2019,com_7_relations,29_reg_Kharkiv,age_1_18_35,,
2017,com_7_relations,29_reg_Kharkiv,age_2_36_60,,
2018,com_7_relations,29_reg_Kharkiv,age_2_36_60,,1.3
2019,com_7_relations,29_reg_Kharkiv,age_2_36_60,,
2017,com_7_relations,29_reg_Kharkiv,age_3_61,,
2018,com_7_relations,29_reg_Kharkiv,age_3_61,,0.8
2019,com_7_relations,29_reg_Kharkiv,age_3_61,,
2017,com_7_relations,29_reg_Kharkiv,,males,
2018,com_7_relations,29_reg_Kharkiv,,males,1.3
2019,com_7_relations,29_reg_Kharkiv,,males,
2017,com_7_relations,29_reg_Kharkiv,,females,
2018,com_7_relations,29_reg_Kharkiv,,females,1.2
2019,com_7_relations,29_reg_Kharkiv,,females,
2017,com_8_groups,14_reg_Donetsk,age_1_18_35,,
2018,com_8_groups,14_reg_Donetsk,age_1_18_35,,2.5
2019,com_8_groups,14_reg_Donetsk,age_1_18_35,,6.5
2017,com_8_groups,14_reg_Donetsk,age_2_36_60,,
2018,com_8_groups,14_reg_Donetsk,age_2_36_60,,2.4
2019,com_8_groups,14_reg_Donetsk,age_2_36_60,,6.4
2017,com_8_groups,14_reg_Donetsk,age_3_61,,
2018,com_8_groups,14_reg_Donetsk,age_3_61,,1.7
2019,com_8_groups,14_reg_Donetsk,age_3_61,,5.9
2017,com_8_groups,14_reg_Donetsk,,males,
2018,com_8_groups,14_reg_Donetsk,,males,2.4
2019,com_8_groups,14_reg_Donetsk,,males,6.5
2017,com_8_groups,14_reg_Donetsk,,females,
2018,com_8_groups,14_reg_Donetsk,,females,2.1
2019,com_8_groups,14_reg_Donetsk,,females,6.1
2017,com_8_groups,21_reg_Luhansk,age_1_18_35,,
2018,com_8_groups,21_reg_Luhansk,age_1_18_35,,2.9
2019,com_8_groups,21_reg_Luhansk,age_1_18_35,,6.0
2017,com_8_groups,21_reg_Luhansk,age_2_36_60,,
2018,com_8_groups,21_reg_Luhansk,age_2_36_60,,2.7
2019,com_8_groups,21_reg_Luhansk,age_2_36_60,,6.0
2017,com_8_groups,21_reg_Luhansk,age_3_61,,
2018,com_8_groups,21_reg_Luhansk,age_3_61,,2.1
2019,com_8_groups,21_reg_Luhansk,age_3_61,,5.1
2017,com_8_groups,21_reg_Luhansk,,males,
2018,com_8_groups,21_reg_Luhansk,,males,2.8
2019,com_8_groups,21_reg_Luhansk,,males,5.9
2017,com_8_groups,21_reg_Luhansk,,females,
2018,com_8_groups,21_reg_Luhansk,,females,2.4
2019,com_8_groups,21_reg_Luhansk,,females,5.6
2017,com_8_groups,13_reg_Dnipropetrovsk,age_1_18_35,,
2018,com_8_groups,13_reg_Dnipropetrovsk,age_1_18_35,,2.7
2019,com_8_groups,13_reg_Dnipropetrovsk,age_1_18_35,,
2017,com_8_groups,13_reg_Dnipropetrovsk,age_2_36_60,,
2018,com_8_groups,13_reg_Dnipropetrovsk,age_2_36_60,,2.2
2019,com_8_groups,13_reg_Dnipropetrovsk,age_2_36_60,,
2017,com_8_groups,13_reg_Dnipropetrovsk,age_3_61,,
2018,com_8_groups,13_reg_Dnipropetrovsk,age_3_61,,1.7
2019,com_8_groups,13_reg_Dnipropetrovsk,age_3_61,,
2017,com_8_groups,13_reg_Dnipropetrovsk,,males,
2018,com_8_groups,13_reg_Dnipropetrovsk,,males,2.5
2019,com_8_groups,13_reg_Dnipropetrovsk,,males,
2017,com_8_groups,13_reg_Dnipropetrovsk,,females,
2018,com_8_groups,13_reg_Dnipropetrovsk,,females,2.0
2019,com_8_groups,13_reg_Dnipropetrovsk,,females,
2017,com_8_groups,17_reg_Zaporizhya,age_1_18_35,,
2018,com_8_groups,17_reg_Zaporizhya,age_1_18_35,,2.9
2019,com_8_groups,17_reg_Zaporizhya,age_1_18_35,,
2017,com_8_groups,17_reg_Zaporizhya,age_2_36_60,,
2018,com_8_groups,17_reg_Zaporizhya,age_2_36_60,,2.9
2019,com_8_groups,17_reg_Zaporizhya,age_2_36_60,,
2017,com_8_groups,17_reg_Zaporizhya,age_3_61,,
2018,com_8_groups,17_reg_Zaporizhya,age_3_61,,2.3
2019,com_8_groups,17_reg_Zaporizhya,age_3_61,,
2017,com_8_groups,17_reg_Zaporizhya,,males,
2018,com_8_groups,17_reg_Zaporizhya,,males,3.0
2019,com_8_groups,17_reg_Zaporizhya,,males,
2017,com_8_groups,17_reg_Zaporizhya,,females,
2018,com_8_groups,17_reg_Zaporizhya,,females,2.5
2019,com_8_groups,17_reg_Zaporizhya,,females,
2017,com_8_groups,29_reg_Kharkiv,age_1_18_35,,
2018,com_8_groups,29_reg_Kharkiv,age_1_18_35,,2.9
2019,com_8_groups,29_reg_Kharkiv,age_1_18_35,,
2017,com_8_groups,29_reg_Kharkiv,age_2_36_60,,
2018,com_8_groups,29_reg_Kharkiv,age_2_36_60,,2.7
2019,com_8_groups,29_reg_Kharkiv,age_2_36_60,,
2017,com_8_groups,29_reg_Kharkiv,age_3_61,,
2018,com_8_groups,29_reg_Kharkiv,age_3_61,,2.0
2019,com_8_groups,29_reg_Kharkiv,age_3_61,,
2017,com_8_groups,29_reg_Kharkiv,,males,
2018,com_8_groups,29_reg_Kharkiv,,males,2.8
2019,com_8_groups,29_reg_Kharkiv,,males,
2017,com_8_groups,29_reg_Kharkiv,,females,
2018,com_8_groups,29_reg_Kharkiv,,females,2.5
2019,com_8_groups,29_reg_Kharkiv,,females,
2017,com_9_psy,14_reg_Donetsk,age_1_18_35,,
2018,com_9_psy,14_reg_Donetsk,age_1_18_35,,1.9
2019,com_9_psy,14_reg_Donetsk,age_1_18_35,,5.1
2017,com_9_psy,14_reg_Donetsk,age_2_36_60,,
2018,com_9_psy,14_reg_Donetsk,age_2_36_60,,1.9
2019,com_9_psy,14_reg_Donetsk,age_2_36_60,,4.8
2017,com_9_psy,14_reg_Donetsk,age_3_61,,
2018,com_9_psy,14_reg_Donetsk,age_3_61,,1.0
2019,com_9_psy,14_reg_Donetsk,age_3_61,,4.8
2017,com_9_psy,14_reg_Donetsk,,males,
2018,com_9_psy,14_reg_Donetsk,,males,2.5
2019,com_9_psy,14_reg_Donetsk,,males,5.2
2017,com_9_psy,14_reg_Donetsk,,females,
2018,com_9_psy,14_reg_Donetsk,,females,0.9
2019,com_9_psy,14_reg_Donetsk,,females,4.6
2017,com_9_psy,21_reg_Luhansk,age_1_18_35,,
2018,com_9_psy,21_reg_Luhansk,age_1_18_35,,2.2
2019,com_9_psy,21_reg_Luhansk,age_1_18_35,,4.7
2017,com_9_psy,21_reg_Luhansk,age_2_36_60,,
2018,com_9_psy,21_reg_Luhansk,age_2_36_60,,1.7
2019,com_9_psy,21_reg_Luhansk,age_2_36_60,,4.6
2017,com_9_psy,21_reg_Luhansk,age_3_61,,
2018,com_9_psy,21_reg_Luhansk,age_3_61,,1.0
2019,com_9_psy,21_reg_Luhansk,age_3_61,,4.4
2017,com_9_psy,21_reg_Luhansk,,males,
2018,com_9_psy,21_reg_Luhansk,,males,2.4
2019,com_9_psy,21_reg_Luhansk,,males,5.0
2017,com_9_psy,21_reg_Luhansk,,females,
2018,com_9_psy,21_reg_Luhansk,,females,1.0
2019,com_9_psy,21_reg_Luhansk,,females,4.3
2017,com_9_psy,13_reg_Dnipropetrovsk,age_1_18_35,,
2018,com_9_psy,13_reg_Dnipropetrovsk,age_1_18_35,,2.1
2019,com_9_psy,13_reg_Dnipropetrovsk,age_1_18_35,,
2017,com_9_psy,13_reg_Dnipropetrovsk,age_2_36_60,,
2018,com_9_psy,13_reg_Dnipropetrovsk,age_2_36_60,,2.0
2019,com_9_psy,13_reg_Dnipropetrovsk,age_2_36_60,,
2017,com_9_psy,13_reg_Dnipropetrovsk,age_3_61,,
2018,com_9_psy,13_reg_Dnipropetrovsk,age_3_61,,1.4
2019,com_9_psy,13_reg_Dnipropetrovsk,age_3_61,,
2017,com_9_psy,13_reg_Dnipropetrovsk,,males,
2018,com_9_psy,13_reg_Dnipropetrovsk,,males,2.5
2019,com_9_psy,13_reg_Dnipropetrovsk,,males,
2017,com_9_psy,13_reg_Dnipropetrovsk,,females,
2018,com_9_psy,13_reg_Dnipropetrovsk,,females,1.4
2019,com_9_psy,13_reg_Dnipropetrovsk,,females,
2017,com_9_psy,17_reg_Zaporizhya,age_1_18_35,,
2018,com_9_psy,17_reg_Zaporizhya,age_1_18_35,,2.5
2019,com_9_psy,17_reg_Zaporizhya,age_1_18_35,,
2017,com_9_psy,17_reg_Zaporizhya,age_2_36_60,,
2018,com_9_psy,17_reg_Zaporizhya,age_2_36_60,,2.2
2019,com_9_psy,17_reg_Zaporizhya,age_2_36_60,,
2017,com_9_psy,17_reg_Zaporizhya,age_3_61,,
2018,com_9_psy,17_reg_Zaporizhya,age_3_61,,1.1
2019,com_9_psy,17_reg_Zaporizhya,age_3_61,,
2017,com_9_psy,17_reg_Zaporizhya,,males,
2018,com_9_psy,17_reg_Zaporizhya,,males,2.9
2019,com_9_psy,17_reg_Zaporizhya,,males,
2017,com_9_psy,17_reg_Zaporizhya,,females,
2018,com_9_psy,17_reg_Zaporizhya,,females,1.2
2019,com_9_psy,17_reg_Zaporizhya,,females,
2017,com_9_psy,29_reg_Kharkiv,age_1_18_35,,
2018,com_9_psy,29_reg_Kharkiv,age_1_18_35,,2.3
2019,com_9_psy,29_reg_Kharkiv,age_1_18_35,,
2017,com_9_psy,29_reg_Kharkiv,age_2_36_60,,
2018,com_9_psy,29_reg_Kharkiv,age_2_36_60,,1.9
2019,com_9_psy,29_reg_Kharkiv,age_2_36_60,,
2017,com_9_psy,29_reg_Kharkiv,age_3_61,,
2018,com_9_psy,29_reg_Kharkiv,age_3_61,,1.0
2019,com_9_psy,29_reg_Kharkiv,age_3_61,,
2017,com_9_psy,29_reg_Kharkiv,,males,
2018,com_9_psy,29_reg_Kharkiv,,males,2.5
2019,com_9_psy,29_reg_Kharkiv,,males,
2017,com_9_psy,29_reg_Kharkiv,,females,
2018,com_9_psy,29_reg_Kharkiv,,females,1.2
2019,com_9_psy,29_reg_Kharkiv,,females,
2017,com_10_active,14_reg_Donetsk,age_1_18_35,,
2018,com_10_active,14_reg_Donetsk,age_1_18_35,,2.0
2019,com_10_active,14_reg_Donetsk,age_1_18_35,,4.9
2017,com_10_active,14_reg_Donetsk,age_2_36_60,,
2018,com_10_active,14_reg_Donetsk,age_2_36_60,,2.3
2019,com_10_active,14_reg_Donetsk,age_2_36_60,,4.0
2017,com_10_active,14_reg_Donetsk,age_3_61,,
2018,com_10_active,14_reg_Donetsk,age_3_61,,2.3
2019,com_10_active,14_reg_Donetsk,age_3_61,,2.3
2017,com_10_active,14_reg_Donetsk,,males,
2018,com_10_active,14_reg_Donetsk,,males,2.0
2019,com_10_active,14_reg_Donetsk,,males,4.3
2017,com_10_active,14_reg_Donetsk,,females,
2018,com_10_active,14_reg_Donetsk,,females,2.4
2019,com_10_active,14_reg_Donetsk,,females,3.2
2017,com_10_active,21_reg_Luhansk,age_1_18_35,,
2018,com_10_active,21_reg_Luhansk,age_1_18_35,,1.9
2019,com_10_active,21_reg_Luhansk,age_1_18_35,,5.8
2017,com_10_active,21_reg_Luhansk,age_2_36_60,,
2018,com_10_active,21_reg_Luhansk,age_2_36_60,,2.5
2019,com_10_active,21_reg_Luhansk,age_2_36_60,,5.0
2017,com_10_active,21_reg_Luhansk,age_3_61,,
2018,com_10_active,21_reg_Luhansk,age_3_61,,2.2
2019,com_10_active,21_reg_Luhansk,age_3_61,,3.0
2017,com_10_active,21_reg_Luhansk,,males,
2018,com_10_active,21_reg_Luhansk,,males,2.1
2019,com_10_active,21_reg_Luhansk,,males,5.4
2017,com_10_active,21_reg_Luhansk,,females,
2018,com_10_active,21_reg_Luhansk,,females,2.4
2019,com_10_active,21_reg_Luhansk,,females,3.9
2017,com_10_active,13_reg_Dnipropetrovsk,age_1_18_35,,
2018,com_10_active,13_reg_Dnipropetrovsk,age_1_18_35,,2.2
2019,com_10_active,13_reg_Dnipropetrovsk,age_1_18_35,,
2017,com_10_active,13_reg_Dnipropetrovsk,age_2_36_60,,
2018,com_10_active,13_reg_Dnipropetrovsk,age_2_36_60,,2.8
2019,com_10_active,13_reg_Dnipropetrovsk,age_2_36_60,,
2017,com_10_active,13_reg_Dnipropetrovsk,age_3_61,,
2018,com_10_active,13_reg_Dnipropetrovsk,age_3_61,,3.1
2019,com_10_active,13_reg_Dnipropetrovsk,age_3_61,,
2017,com_10_active,13_reg_Dnipropetrovsk,,males,
2018,com_10_active,13_reg_Dnipropetrovsk,,males,2.5
2019,com_10_active,13_reg_Dnipropetrovsk,,males,
2017,com_10_active,13_reg_Dnipropetrovsk,,females,
2018,com_10_active,13_reg_Dnipropetrovsk,,females,2.8
2019,com_10_active,13_reg_Dnipropetrovsk,,females,
2017,com_10_active,17_reg_Zaporizhya,age_1_18_35,,
2018,com_10_active,17_reg_Zaporizhya,age_1_18_35,,2.2
2019,com_10_active,17_reg_Zaporizhya,age_1_18_35,,
2017,com_10_active,17_reg_Zaporizhya,age_2_36_60,,
2018,com_10_active,17_reg_Zaporizhya,age_2_36_60,,2.8
2019,com_10_active,17_reg_Zaporizhya,age_2_36_60,,
2017,com_10_active,17_reg_Zaporizhya,age_3_61,,
2018,com_10_active,17_reg_Zaporizhya,age_3_61,,2.6
2019,com_10_active,17_reg_Zaporizhya,age_3_61,,
2017,com_10_active,17_reg_Zaporizhya,,males,
2018,com_10_active,17_reg_Zaporizhya,,males,2.3
2019,com_10_active,17_reg_Zaporizhya,,males,
2017,com_10_active,17_reg_Zaporizhya,,females,
2018,com_10_active,17_reg_Zaporizhya,,females,2.7
2019,com_10_active,17_reg_Zaporizhya,,females,
2017,com_10_active,29_reg_Kharkiv,age_1_18_35,,
2018,com_10_active,29_reg_Kharkiv,age_1_18_35,,1.9
2019,com_10_active,29_reg_Kharkiv,age_1_18_35,,
2017,com_10_active,29_reg_Kharkiv,age_2_36_60,,
2018,com_10_active,29_reg_Kharkiv,age_2_36_60,,2.3
2019,com_10_active,29_reg_Kharkiv,age_2_36_60,,
2017,com_10_active,29_reg_Kharkiv,age_3_61,,
2018,com_10_active,29_reg_Kharkiv,age_3_61,,2.6
2019,com_10_active,29_reg_Kharkiv,age_3_61,,
2017,com_10_active,29_reg_Kharkiv,,males,
2018,com_10_active,29_reg_Kharkiv,,males,2.1
2019,com_10_active,29_reg_Kharkiv,,males,
2017,com_10_active,29_reg_Kharkiv,,females,
2018,com_10_active,29_reg_Kharkiv,,females,2.4
2019,com_10_active,29_reg_Kharkiv,,females,
2017,com_11_migrate,14_reg_Donetsk,age_1_18_35,,
2018,com_11_migrate,14_reg_Donetsk,age_1_18_35,,
2019,com_11_migrate,14_reg_Donetsk,age_1_18_35,,5.2
2017,com_11_migrate,14_reg_Donetsk,age_2_36_60,,
2018,com_11_migrate,14_reg_Donetsk,age_2_36_60,,
2019,com_11_migrate,14_reg_Donetsk,age_2_36_60,,3.9
2017,com_11_migrate,14_reg_Donetsk,age_3_61,,
2018,com_11_migrate,14_reg_Donetsk,age_3_61,,
2019,com_11_migrate,14_reg_Donetsk,age_3_61,,2.3
2017,com_11_migrate,14_reg_Donetsk,,males,
2018,com_11_migrate,14_reg_Donetsk,,males,
2019,com_11_migrate,14_reg_Donetsk,,males,3.9
2017,com_11_migrate,14_reg_Donetsk,,females,
2018,com_11_migrate,14_reg_Donetsk,,females,
2019,com_11_migrate,14_reg_Donetsk,,females,3.6
2017,com_11_migrate,21_reg_Luhansk,age_1_18_35,,
2018,com_11_migrate,21_reg_Luhansk,age_1_18_35,,
2019,com_11_migrate,21_reg_Luhansk,age_1_18_35,,6.2
2017,com_11_migrate,21_reg_Luhansk,age_2_36_60,,
2018,com_11_migrate,21_reg_Luhansk,age_2_36_60,,
2019,com_11_migrate,21_reg_Luhansk,age_2_36_60,,4.4
2017,com_11_migrate,21_reg_Luhansk,age_3_61,,
2018,com_11_migrate,21_reg_Luhansk,age_3_61,,
2019,com_11_migrate,21_reg_Luhansk,age_3_61,,1.7
2017,com_11_migrate,21_reg_Luhansk,,males,
2018,com_11_migrate,21_reg_Luhansk,,males,
2019,com_11_migrate,21_reg_Luhansk,,males,4.4
2017,com_11_migrate,21_reg_Luhansk,,females,
2018,com_11_migrate,21_reg_Luhansk,,females,
2019,com_11_migrate,21_reg_Luhansk,,females,3.7
2017,com_11_migrate,13_reg_Dnipropetrovsk,age_1_18_35,,
2018,com_11_migrate,13_reg_Dnipropetrovsk,age_1_18_35,,
2019,com_11_migrate,13_reg_Dnipropetrovsk,age_1_18_35,,
2017,com_11_migrate,13_reg_Dnipropetrovsk,age_2_36_60,,
2018,com_11_migrate,13_reg_Dnipropetrovsk,age_2_36_60,,
2019,com_11_migrate,13_reg_Dnipropetrovsk,age_2_36_60,,
2017,com_11_migrate,13_reg_Dnipropetrovsk,age_3_61,,
2018,com_11_migrate,13_reg_Dnipropetrovsk,age_3_61,,
2019,com_11_migrate,13_reg_Dnipropetrovsk,age_3_61,,
2017,com_11_migrate,13_reg_Dnipropetrovsk,,males,
2018,com_11_migrate,13_reg_Dnipropetrovsk,,males,
2019,com_11_migrate,13_reg_Dnipropetrovsk,,males,
2017,com_11_migrate,13_reg_Dnipropetrovsk,,females,
2018,com_11_migrate,13_reg_Dnipropetrovsk,,females,
2019,com_11_migrate,13_reg_Dnipropetrovsk,,females,
2017,com_11_migrate,17_reg_Zaporizhya,age_1_18_35,,
2018,com_11_migrate,17_reg_Zaporizhya,age_1_18_35,,
2019,com_11_migrate,17_reg_Zaporizhya,age_1_18_35,,
2017,com_11_migrate,17_reg_Zaporizhya,age_2_36_60,,
2018,com_11_migrate,17_reg_Zaporizhya,age_2_36_60,,
2019,com_11_migrate,17_reg_Zaporizhya,age_2_36_60,,
2017,com_11_migrate,17_reg_Zaporizhya,age_3_61,,
2018,com_11_migrate,17_reg_Zaporizhya,age_3_61,,
2019,com_11_migrate,17_reg_Zaporizhya,age_3_61,,
2017,com_11_migrate,17_reg_Zaporizhya,,males,
2018,com_11_migrate,17_reg_Zaporizhya,,males,
2019,com_11_migrate,17_reg_Zaporizhya,,males,
2017,com_11_migrate,17_reg_Zaporizhya,,females,
2018,com_11_migrate,17_reg_Zaporizhya,,females,
2019,com_11_migrate,17_reg_Zaporizhya,,females,
2017,com_11_migrate,29_reg_Kharkiv,age_1_18_35,,
2018,com_11_migrate,29_reg_Kharkiv,age_1_18_35,,
2019,com_11_migrate,29_reg_Kharkiv,age_1_18_35,,
2017,com_11_migrate,29_reg_Kharkiv,age_2_36_60,,
2018,com_11_migrate,29_reg_Kharkiv,age_2_36_60,,
2019,com_11_migrate,29_reg_Kharkiv,age_2_36_60,,
2017,com_11_migrate,29_reg_Kharkiv,age_3_61,,
2018,com_11_migrate,29_reg_Kharkiv,age_3_61,,
2019,com_11_migrate,29_reg_Kharkiv,age_3_61,,
2017,com_11_migrate,29_reg_Kharkiv,,males,
2018,com_11_migrate,29_reg_Kharkiv,,males,
2019,com_11_migrate,29_reg_Kharkiv,,males,
2017,com_11_migrate,29_reg_Kharkiv,,females,
2018,com_11_migrate,29_reg_Kharkiv,,females,
2019,com_11_migrate,29_reg_Kharkiv,,females,
2017,com_12_cooperation,14_reg_Donetsk,age_1_18_35,,
2018,com_12_cooperation,14_reg_Donetsk,age_1_18_35,,
2019,com_12_cooperation,14_reg_Donetsk,age_1_18_35,,4.7
2017,com_12_cooperation,14_reg_Donetsk,age_2_36_60,,
2018,com_12_cooperation,14_reg_Donetsk,age_2_36_60,,
2019,com_12_cooperation,14_reg_Donetsk,age_2_36_60,,5.2
2017,com_12_cooperation,14_reg_Donetsk,age_3_61,,
2018,com_12_cooperation,14_reg_Donetsk,age_3_61,,
2019,com_12_cooperation,14_reg_Donetsk,age_3_61,,5.9
2017,com_12_cooperation,14_reg_Donetsk,,males,
2018,com_12_cooperation,14_reg_Donetsk,,males,
2019,com_12_cooperation,14_reg_Donetsk,,males,5.0
2017,com_12_cooperation,14_reg_Donetsk,,females,
2018,com_12_cooperation,14_reg_Donetsk,,females,
2019,com_12_cooperation,14_reg_Donetsk,,females,5.5
2017,com_12_cooperation,21_reg_Luhansk,age_1_18_35,,
2018,com_12_cooperation,21_reg_Luhansk,age_1_18_35,,
2019,com_12_cooperation,21_reg_Luhansk,age_1_18_35,,4.9
2017,com_12_cooperation,21_reg_Luhansk,age_2_36_60,,
2018,com_12_cooperation,21_reg_Luhansk,age_2_36_60,,
2019,com_12_cooperation,21_reg_Luhansk,age_2_36_60,,5.4
2017,com_12_cooperation,21_reg_Luhansk,age_3_61,,
2018,com_12_cooperation,21_reg_Luhansk,age_3_61,,
2019,com_12_cooperation,21_reg_Luhansk,age_3_61,,5.9
2017,com_12_cooperation,21_reg_Luhansk,,males,
2018,com_12_cooperation,21_reg_Luhansk,,males,
2019,com_12_cooperation,21_reg_Luhansk,,males,5.1
2017,com_12_cooperation,21_reg_Luhansk,,females,
2018,com_12_cooperation,21_reg_Luhansk,,females,
2019,com_12_cooperation,21_reg_Luhansk,,females,5.7
2017,com_12_cooperation,13_reg_Dnipropetrovsk,age_1_18_35,,
2018,com_12_cooperation,13_reg_Dnipropetrovsk,age_1_18_35,,
2019,com_12_cooperation,13_reg_Dnipropetrovsk,age_1_18_35,,
2017,com_12_cooperation,13_reg_Dnipropetrovsk,age_2_36_60,,
2018,com_12_cooperation,13_reg_Dnipropetrovsk,age_2_36_60,,
2019,com_12_cooperation,13_reg_Dnipropetrovsk,age_2_36_60,,
2017,com_12_cooperation,13_reg_Dnipropetrovsk,age_3_61,,
2018,com_12_cooperation,13_reg_Dnipropetrovsk,age_3_61,,
2019,com_12_cooperation,13_reg_Dnipropetrovsk,age_3_61,,
2017,com_12_cooperation,13_reg_Dnipropetrovsk,,males,
2018,com_12_cooperation,13_reg_Dnipropetrovsk,,males,
2019,com_12_cooperation,13_reg_Dnipropetrovsk,,males,
2017,com_12_cooperation,13_reg_Dnipropetrovsk,,females,
2018,com_12_cooperation,13_reg_Dnipropetrovsk,,females,
2019,com_12_cooperation,13_reg_Dnipropetrovsk,,females,
2017,com_12_cooperation,17_reg_Zaporizhya,age_1_18_35,,
2018,com_12_cooperation,17_reg_Zaporizhya,age_1_18_35,,
2019,com_12_cooperation,17_reg_Zaporizhya,age_1_18_35,,
2017,com_12_cooperation,17_reg_Zaporizhya,age_2_36_60,,
2018,com_12_cooperation,17_reg_Zaporizhya,age_2_36_60,,
2019,com_12_cooperation,17_reg_Zaporizhya,age_2_36_60,,
2017,com_12_cooperation,17_reg_Zaporizhya,age_3_61,,
2018,com_12_cooperation,17_reg_Zaporizhya,age_3_61,,
2019,com_12_cooperation,17_reg_Zaporizhya,age_3_61,,
2017,com_12_cooperation,17_reg_Zaporizhya,,males,
2018,com_12_cooperation,17_reg_Zaporizhya,,males,
2019,com_12_cooperation,17_reg_Zaporizhya,,males,
2017,com_12_cooperation,17_reg_Zaporizhya,,females,
2018,com_12_cooperation,17_reg_Zaporizhya,,females,
2019,com_12_cooperation,17_reg_Zaporizhya,,females,
2017,com_12_cooperation,29_reg_Kharkiv,age_1_18_35,,
2018,com_12_cooperation,29_reg_Kharkiv,age_1_18_35,,
2019,com_12_cooperation,29_reg_Kharkiv,age_1_18_35,,
2017,com_12_cooperation,29_reg_Kharkiv,age_2_36_60,,
2018,com_12_cooperation,29_reg_Kharkiv,age_2_36_60,,
2019,com_12_cooperation,29_reg_Kharkiv,age_2_36_60,,
2017,com_12_cooperation,29_reg_Kharkiv,age_3_61,,
2018,com_12_cooperation,29_reg_Kharkiv,age_3_61,,
2019,com_12_cooperation,29_reg_Kharkiv,age_3_61,,
2017,com_12_cooperation,29_reg_Kharkiv,,males,
2018,com_12_cooperation,29_reg_Kharkiv,,males,
2019,com_12_cooperation,29_reg_Kharkiv,,males,
2017,com_12_cooperation,29_reg_Kharkiv,,females,
2018,com_12_cooperation,29_reg_Kharkiv,,females,
2019,com_12_cooperation,29_reg_Kharkiv,,females,
2017,com_13_pol_sec,14_reg_Donetsk,age_1_18_35,,
2018,com_13_pol_sec,14_reg_Donetsk,age_1_18_35,,
2019,com_13_pol_sec,14_reg_Donetsk,age_1_18_35,,5.1
2017,com_13_pol_sec,14_reg_Donetsk,age_2_36_60,,
2018,com_13_pol_sec,14_reg_Donetsk,age_2_36_60,,
2019,com_13_pol_sec,14_reg_Donetsk,age_2_36_60,,4.8
2017,com_13_pol_sec,14_reg_Donetsk,age_3_61,,
2018,com_13_pol_sec,14_reg_Donetsk,age_3_61,,
2019,com_13_pol_sec,14_reg_Donetsk,age_3_61,,4.8
2017,com_13_pol_sec,14_reg_Donetsk,,males,
2018,com_13_pol_sec,14_reg_Donetsk,,males,
2019,com_13_pol_sec,14_reg_Donetsk,,males,5.2
2017,com_13_pol_sec,14_reg_Donetsk,,females,
2018,com_13_pol_sec,14_reg_Donetsk,,females,
2019,com_13_pol_sec,14_reg_Donetsk,,females,4.6
2017,com_13_pol_sec,21_reg_Luhansk,age_1_18_35,,
2018,com_13_pol_sec,21_reg_Luhansk,age_1_18_35,,
2019,com_13_pol_sec,21_reg_Luhansk,age_1_18_35,,4.7
2017,com_13_pol_sec,21_reg_Luhansk,age_2_36_60,,
2018,com_13_pol_sec,21_reg_Luhansk,age_2_36_60,,
2019,com_13_pol_sec,21_reg_Luhansk,age_2_36_60,,4.6
2017,com_13_pol_sec,21_reg_Luhansk,age_3_61,,
2018,com_13_pol_sec,21_reg_Luhansk,age_3_61,,
2019,com_13_pol_sec,21_reg_Luhansk,age_3_61,,4.4
2017,com_13_pol_sec,21_reg_Luhansk,,males,
2018,com_13_pol_sec,21_reg_Luhansk,,males,
2019,com_13_pol_sec,21_reg_Luhansk,,males,5.0
2017,com_13_pol_sec,21_reg_Luhansk,,females,
2018,com_13_pol_sec,21_reg_Luhansk,,females,
2019,com_13_pol_sec,21_reg_Luhansk,,females,4.3
2017,com_13_pol_sec,13_reg_Dnipropetrovsk,age_1_18_35,,
2018,com_13_pol_sec,13_reg_Dnipropetrovsk,age_1_18_35,,
2019,com_13_pol_sec,13_reg_Dnipropetrovsk,age_1_18_35,,
2017,com_13_pol_sec,13_reg_Dnipropetrovsk,age_2_36_60,,
2018,com_13_pol_sec,13_reg_Dnipropetrovsk,age_2_36_60,,
2019,com_13_pol_sec,13_reg_Dnipropetrovsk,age_2_36_60,,
2017,com_13_pol_sec,13_reg_Dnipropetrovsk,age_3_61,,
2018,com_13_pol_sec,13_reg_Dnipropetrovsk,age_3_61,,
2019,com_13_pol_sec,13_reg_Dnipropetrovsk,age_3_61,,
2017,com_13_pol_sec,13_reg_Dnipropetrovsk,,males,
2018,com_13_pol_sec,13_reg_Dnipropetrovsk,,males,
2019,com_13_pol_sec,13_reg_Dnipropetrovsk,,males,
2017,com_13_pol_sec,13_reg_Dnipropetrovsk,,females,
2018,com_13_pol_sec,13_reg_Dnipropetrovsk,,females,
2019,com_13_pol_sec,13_reg_Dnipropetrovsk,,females,
2017,com_13_pol_sec,17_reg_Zaporizhya,age_1_18_35,,
2018,com_13_pol_sec,17_reg_Zaporizhya,age_1_18_35,,
2019,com_13_pol_sec,17_reg_Zaporizhya,age_1_18_35,,
2017,com_13_pol_sec,17_reg_Zaporizhya,age_2_36_60,,
2018,com_13_pol_sec,17_reg_Zaporizhya,age_2_36_60,,
2019,com_13_pol_sec,17_reg_Zaporizhya,age_2_36_60,,
2017,com_13_pol_sec,17_reg_Zaporizhya,age_3_61,,
2018,com_13_pol_sec,17_reg_Zaporizhya,age_3_61,,
2019,com_13_pol_sec,17_reg_Zaporizhya,age_3_61,,
2017,com_13_pol_sec,17_reg_Zaporizhya,,males,
2018,com_13_pol_sec,17_reg_Zaporizhya,,males,
2019,com_13_pol_sec,17_reg_Zaporizhya,,males,
2017,com_13_pol_sec,17_reg_Zaporizhya,,females,
2018,com_13_pol_sec,17_reg_Zaporizhya,,females,
2019,com_13_pol_sec,17_reg_Zaporizhya,,females,
2017,com_13_pol_sec,29_reg_Kharkiv,age_1_18_35,,
2018,com_13_pol_sec,29_reg_Kharkiv,age_1_18_35,,
2019,com_13_pol_sec,29_reg_Kharkiv,age_1_18_35,,
2017,com_13_pol_sec,29_reg_Kharkiv,age_2_36_60,,
2018,com_13_pol_sec,29_reg_Kharkiv,age_2_36_60,,
2019,com_13_pol_sec,29_reg_Kharkiv,age_2_36_60,,
2017,com_13_pol_sec,29_reg_Kharkiv,age_3_61,,
2018,com_13_pol_sec,29_reg_Kharkiv,age_3_61,,
2019,com_13_pol_sec,29_reg_Kharkiv,age_3_61,,
2017,com_13_pol_sec,29_reg_Kharkiv,,males,
2018,com_13_pol_sec,29_reg_Kharkiv,,males,
2019,com_13_pol_sec,29_reg_Kharkiv,,males,
2017,com_13_pol_sec,29_reg_Kharkiv,,females,
2018,com_13_pol_sec,29_reg_Kharkiv,,females,
2019,com_13_pol_sec,29_reg_Kharkiv,,females,
