Year,Region,Value
2015,,50.9
2016,,51.4
2017,,51.7
2018,,52.8
2019,,53.6
2020,,53.8
2021,,53.0
2015,11_reg_Vinnytsya,51.3
2016,11_reg_Vinnytsya,52.6
2017,11_reg_Vinnytsya,54.4
2018,11_reg_Vinnytsya,55.2
2019,11_reg_Vinnytsya,56.4
2020,11_reg_Vinnytsya,57.5
2021,11_reg_Vinnytsya,58.7
2015,12_reg_Volyn,50.3
2016,12_reg_Volyn,50.4
2017,12_reg_Volyn,51.6
2018,12_reg_Volyn,54.4
2019,12_reg_Volyn,53.5
2020,12_reg_Volyn,55.1
2021,12_reg_Volyn,55.6
2015,13_reg_Dnipropetrovsk,58.8
2016,13_reg_Dnipropetrovsk,61.9
2017,13_reg_Dnipropetrovsk,64.1
2018,13_reg_Dnipropetrovsk,65.9
2019,13_reg_Dnipropetrovsk,65.9
2020,13_reg_Dnipropetrovsk,65.6
2021,13_reg_Dnipropetrovsk,61.8
2015,14_reg_Donetsk,53.3
2016,14_reg_Donetsk,54.3
2017,14_reg_Donetsk,50.7
2018,14_reg_Donetsk,49.8
2019,14_reg_Donetsk,49.7
2020,14_reg_Donetsk,48.7
2021,14_reg_Donetsk,46.4
2015,15_reg_Zhytomyr,48.7
2016,15_reg_Zhytomyr,48.9
2017,15_reg_Zhytomyr,50.2
2018,15_reg_Zhytomyr,52.7
2019,15_reg_Zhytomyr,54.2
2020,15_reg_Zhytomyr,54.2
2021,15_reg_Zhytomyr,52.1
2015,16_reg_Zakarpattya,45.7
2016,16_reg_Zakarpattya,47.6
2017,16_reg_Zakarpattya,47.0
2018,16_reg_Zakarpattya,48.7
2019,16_reg_Zakarpattya,49.9
2020,16_reg_Zakarpattya,52.2
2021,16_reg_Zakarpattya,53.4
2015,17_reg_Zaporizhzhya,51.6
2016,17_reg_Zaporizhzhya,51.0
2017,17_reg_Zaporizhzhya,52.2
2018,17_reg_Zaporizhzhya,54.9
2019,17_reg_Zaporizhzhya,55.0
2020,17_reg_Zaporizhzhya,56.1
2021,17_reg_Zaporizhzhya,55.5
2015,18_reg_Ivano-Frankivsk,41.7
2016,18_reg_Ivano-Frankivsk,42.6
2017,18_reg_Ivano-Frankivsk,43.9
2018,18_reg_Ivano-Frankivsk,46.7
2019,18_reg_Ivano-Frankivsk,48.7
2020,18_reg_Ivano-Frankivsk,49.8
2021,18_reg_Ivano-Frankivsk,51.2
2015,19_reg_Kyiv,63.3
2016,19_reg_Kyiv,62.5
2017,19_reg_Kyiv,63.8
2018,19_reg_Kyiv,64.0
2019,19_reg_Kyiv,65.0
2020,19_reg_Kyiv,60.6
2021,19_reg_Kyiv,61.2
2015,20_reg_Kirovohrad,53.2
2016,20_reg_Kirovohrad,53.1
2017,20_reg_Kirovohrad,54.3
2018,20_reg_Kirovohrad,55.8
2019,20_reg_Kirovohrad,57.8
2020,20_reg_Kirovohrad,57.8
2021,20_reg_Kirovohrad,56.5
2015,21_reg_Luhansk,37.5
2016,21_reg_Luhansk,39.6
2017,21_reg_Luhansk,36.3
2018,21_reg_Luhansk,39.8
2019,21_reg_Luhansk,41.8
2020,21_reg_Luhansk,43.5
2021,21_reg_Luhansk,42.6
2015,22_reg_Lviv,47.0
2016,22_reg_Lviv,48.8
2017,22_reg_Lviv,50.7
2018,22_reg_Lviv,50.4
2019,22_reg_Lviv,52.1
2020,22_reg_Lviv,53.1
2021,22_reg_Lviv,51.7
2015,23_reg_Mykolayiv,44.2
2016,23_reg_Mykolayiv,46.6
2017,23_reg_Mykolayiv,48.1
2018,23_reg_Mykolayiv,54.6
2019,23_reg_Mykolayiv,54.0
2020,23_reg_Mykolayiv,57.2
2021,23_reg_Mykolayiv,54.8
2015,24_reg_Odesa,48.0
2016,24_reg_Odesa,47.2
2017,24_reg_Odesa,48.0
2018,24_reg_Odesa,48.5
2019,24_reg_Odesa,48.0
2020,24_reg_Odesa,50.1
2021,24_reg_Odesa,48.6
2015,25_reg_Poltava,49.6
2016,25_reg_Poltava,50.7
2017,25_reg_Poltava,50.9
2018,25_reg_Poltava,51.1
2019,25_reg_Poltava,52.8
2020,25_reg_Poltava,50.9
2021,25_reg_Poltava,48.7
2015,26_reg_Rivne,46.1
2016,26_reg_Rivne,48.3
2017,26_reg_Rivne,46.4
2018,26_reg_Rivne,46.0
2019,26_reg_Rivne,47.4
2020,26_reg_Rivne,48.5
2021,26_reg_Rivne,48.4
2015,27_reg_Sumy,48.6
2016,27_reg_Sumy,47.3
2017,27_reg_Sumy,47.6
2018,27_reg_Sumy,47.9
2019,27_reg_Sumy,48.9
2020,27_reg_Sumy,51.4
2021,27_reg_Sumy,47.1
2015,28_reg_Ternopil,47.9
2016,28_reg_Ternopil,46.6
2017,28_reg_Ternopil,47.5
2018,28_reg_Ternopil,47.0
2019,28_reg_Ternopil,48.9
2020,28_reg_Ternopil,47.7
2021,28_reg_Ternopil,48.8
2015,29_reg_Kharkiv,52.8
2016,29_reg_Kharkiv,51.2
2017,29_reg_Kharkiv,52.0
2018,29_reg_Kharkiv,52.1
2019,29_reg_Kharkiv,52.0
2020,29_reg_Kharkiv,53.5
2021,29_reg_Kharkiv,52.0
2015,30_reg_Kherson,50.9
2016,30_reg_Kherson,52.6
2017,30_reg_Kherson,53.1
2018,30_reg_Kherson,53.5
2019,30_reg_Kherson,53.2
2020,30_reg_Kherson,55.0
2021,30_reg_Kherson,55.0
2015,31_reg_Khmelnytskiy,48.6
2016,31_reg_Khmelnytskiy,48.9
2017,31_reg_Khmelnytskiy,49.0
2018,31_reg_Khmelnytskiy,50.5
2019,31_reg_Khmelnytskiy,51.5
2020,31_reg_Khmelnytskiy,53.8
2021,31_reg_Khmelnytskiy,53.8
2015,32_reg_Cherkasy,53.0
2016,32_reg_Cherkasy,50.5
2017,32_reg_Cherkasy,48.5
2018,32_reg_Cherkasy,50.7
2019,32_reg_Cherkasy,52.1
2020,32_reg_Cherkasy,52.1
2021,32_reg_Cherkasy,55.4
2015,33_reg_Chernivtsi,41.2
2016,33_reg_Chernivtsi,44.3
2017,33_reg_Chernivtsi,42.4
2018,33_reg_Chernivtsi,44.0
2019,33_reg_Chernivtsi,45.5
2020,33_reg_Chernivtsi,44.4
2021,33_reg_Chernivtsi,47.0
2015,34_reg_Chernihiv,45.8
2016,34_reg_Chernihiv,46.3
2017,34_reg_Chernihiv,48.1
2018,34_reg_Chernihiv,51.3
2019,34_reg_Chernihiv,52.5
2020,34_reg_Chernihiv,53.0
2021,34_reg_Chernihiv,53.8
