Year,Region,Value
2015,,50.9
2016,,49.7
2017,,52.8
2018,,57.8
2019,,58.7
2020,,56.5
2015,11_reg_Vinnytsya,54.3
2016,11_reg_Vinnytsya,54.6
2017,11_reg_Vinnytsya,58.2
2018,11_reg_Vinnytsya,62.6
2019,11_reg_Vinnytsya,63.5
2020,11_reg_Vinnytsya,63.6
2015,12_reg_Volyn,43.9
2016,12_reg_Volyn,40.4
2017,12_reg_Volyn,42.1
2018,12_reg_Volyn,46.1
2019,12_reg_Volyn,49.3
2020,12_reg_Volyn,52.3
2015,13_reg_Dnipropetrovsk,57.1
2016,13_reg_Dnipropetrovsk,59.1
2017,13_reg_Dnipropetrovsk,61.1
2018,13_reg_Dnipropetrovsk,70.6
2019,13_reg_Dnipropetrovsk,68.1
2020,13_reg_Dnipropetrovsk,63.7
2015,14_reg_Donetsk,40.9
2016,14_reg_Donetsk,37.7
2017,14_reg_Donetsk,41.7
2018,14_reg_Donetsk,43.1
2019,14_reg_Donetsk,45.6
2020,14_reg_Donetsk,42.3
2015,15_reg_Zhytomyr,47.2
2016,15_reg_Zhytomyr,46.6
2017,15_reg_Zhytomyr,49.0
2018,15_reg_Zhytomyr,51.6
2019,15_reg_Zhytomyr,54.6
2020,15_reg_Zhytomyr,49.8
2015,16_reg_Zakarpattya,48.9
2016,16_reg_Zakarpattya,50.0
2017,16_reg_Zakarpattya,51.3
2018,16_reg_Zakarpattya,57.3
2019,16_reg_Zakarpattya,55.8
2020,16_reg_Zakarpattya,52.2
2015,17_reg_Zaporizhya,46.5
2016,17_reg_Zaporizhya,46.1
2017,17_reg_Zaporizhya,49.7
2018,17_reg_Zaporizhya,59.4
2019,17_reg_Zaporizhya,53.8
2020,17_reg_Zaporizhya,52.5
2015,18_reg_Ivano-Frankivsk,44.2
2016,18_reg_Ivano-Frankivsk,46.2
2017,18_reg_Ivano-Frankivsk,49.2
2018,18_reg_Ivano-Frankivsk,52.7
2019,18_reg_Ivano-Frankivsk,54.7
2020,18_reg_Ivano-Frankivsk,54.4
2015,19_reg_Kyiv,72.1
2016,19_reg_Kyiv,73.1
2017,19_reg_Kyiv,75.8
2018,19_reg_Kyiv,82.8
2019,19_reg_Kyiv,81.4
2020,19_reg_Kyiv,77.5
2015,20_reg_Kirovohrad,45.4
2016,20_reg_Kirovohrad,41.9
2017,20_reg_Kirovohrad,45.8
2018,20_reg_Kirovohrad,50.5
2019,20_reg_Kirovohrad,53.5
2020,20_reg_Kirovohrad,49.4
2015,21_reg_Luhansk,36.7
2016,21_reg_Luhansk,34.6
2017,21_reg_Luhansk,38.2
2018,21_reg_Luhansk,41.2
2019,21_reg_Luhansk,45.3
2020,21_reg_Luhansk,43.0
2015,22_reg_Lviv,48.4
2016,22_reg_Lviv,46.2
2017,22_reg_Lviv,48.8
2018,22_reg_Lviv,54.7
2019,22_reg_Lviv,58.5
2020,22_reg_Lviv,58.5
2015,23_reg_Mykolayiv,51.1
2016,23_reg_Mykolayiv,47.6
2017,23_reg_Mykolayiv,51.3
2018,23_reg_Mykolayiv,58.6
2019,23_reg_Mykolayiv,62.1
2020,23_reg_Mykolayiv,60.0
2015,24_reg_Odesa,60.2
2016,24_reg_Odesa,55.0
2017,24_reg_Odesa,57.6
2018,24_reg_Odesa,65.5
2019,24_reg_Odesa,64.3
2020,24_reg_Odesa,59.5
2015,25_reg_Poltava,52.6
2016,25_reg_Poltava,48.0
2017,25_reg_Poltava,52.1
2018,25_reg_Poltava,53.0
2019,25_reg_Poltava,54.7
2020,25_reg_Poltava,58.3
2015,26_reg_Rivne,40.6
2016,26_reg_Rivne,38.0
2017,26_reg_Rivne,41.0
2018,26_reg_Rivne,41.8
2019,26_reg_Rivne,44.8
2020,26_reg_Rivne,44.7
2015,27_reg_Sumy,38.6
2016,27_reg_Sumy,36.3
2017,27_reg_Sumy,39.6
2018,27_reg_Sumy,46.9
2019,27_reg_Sumy,45.8
2020,27_reg_Sumy,43.3
2015,28_reg_Ternopil,41.7
2016,28_reg_Ternopil,42.0
2017,28_reg_Ternopil,45.2
2018,28_reg_Ternopil,49.2
2019,28_reg_Ternopil,53.7
2020,28_reg_Ternopil,52.1
2015,29_reg_Kharkiv,52.2
2016,29_reg_Kharkiv,52.1
2017,29_reg_Kharkiv,55.3
2018,29_reg_Kharkiv,55.7
2019,29_reg_Kharkiv,55.6
2020,29_reg_Kharkiv,50.7
2015,30_reg_Kherson,47.2
2016,30_reg_Kherson,44.9
2017,30_reg_Kherson,48.1
2018,30_reg_Kherson,50.6
2019,30_reg_Kherson,52.1
2020,30_reg_Kherson,50.6
2015,31_reg_Khmelnytskiy,55.6
2016,31_reg_Khmelnytskiy,55.7
2017,31_reg_Khmelnytskiy,59.1
2018,31_reg_Khmelnytskiy,63.3
2019,31_reg_Khmelnytskiy,64.4
2020,31_reg_Khmelnytskiy,62.8
2015,32_reg_Cherkasy,48.9
2016,32_reg_Cherkasy,47.8
2017,32_reg_Cherkasy,50.9
2018,32_reg_Cherkasy,60.9
2019,32_reg_Cherkasy,62.7
2020,32_reg_Cherkasy,60.9
2015,33_reg_Chernivtsi,58.4
2016,33_reg_Chernivtsi,60.1
2017,33_reg_Chernivtsi,61.7
2018,33_reg_Chernivtsi,72.1
2019,33_reg_Chernivtsi,70.1
2020,33_reg_Chernivtsi,65.7
2015,34_reg_Chernihiv,43.2
2016,34_reg_Chernihiv,38.9
2017,34_reg_Chernihiv,43.7
2018,34_reg_Chernihiv,45.8
2019,34_reg_Chernihiv,52.9
2020,34_reg_Chernihiv,55.7
