Year,Region,Age,Value
2015,,,27.3
2016,,,25.3
2017,,,22.4
2018,,,19.7
2019,,,16.9
2020,,,15.8
2015,11_reg_Vinnytsya,,29.7
2016,11_reg_Vinnytsya,,27.0
2017,11_reg_Vinnytsya,,23.8
2018,11_reg_Vinnytsya,,22.6
2019,11_reg_Vinnytsya,,18.2
2020,11_reg_Vinnytsya,,17.9
2015,12_reg_Volyn,,27.1
2016,12_reg_Volyn,,25.1
2017,12_reg_Volyn,,21.0
2018,12_reg_Volyn,,18.3
2019,12_reg_Volyn,,16.7
2020,12_reg_Volyn,,16.5
2015,13_reg_Dnipropetrovsk,,27.3
2016,13_reg_Dnipropetrovsk,,24.6
2017,13_reg_Dnipropetrovsk,,21.4
2018,13_reg_Dnipropetrovsk,,18.7
2019,13_reg_Dnipropetrovsk,,15.6
2020,13_reg_Dnipropetrovsk,,15.3
2015,14_reg_Donetsk,,
2016,14_reg_Donetsk,,
2017,14_reg_Donetsk,,
2018,14_reg_Donetsk,,
2019,14_reg_Donetsk,,
2020,14_reg_Donetsk,,
2015,15_reg_Zhytomyr,,33.6
2016,15_reg_Zhytomyr,,31.1
2017,15_reg_Zhytomyr,,27.7
2018,15_reg_Zhytomyr,,25.3
2019,15_reg_Zhytomyr,,22.5
2020,15_reg_Zhytomyr,,21.3
2015,16_reg_Zakarpattya,,52.8
2016,16_reg_Zakarpattya,,49.4
2017,16_reg_Zakarpattya,,46.0
2018,16_reg_Zakarpattya,,45.3
2019,16_reg_Zakarpattya,,40.5
2020,16_reg_Zakarpattya,,39.8
2015,17_reg_Zaporizhya,,26.4
2016,17_reg_Zaporizhya,,23.9
2017,17_reg_Zaporizhya,,20.1
2018,17_reg_Zaporizhya,,18.6
2019,17_reg_Zaporizhya,,16.4
2020,17_reg_Zaporizhya,,13.6
2015,18_reg_Ivano-Frankivsk,,30.1
2016,18_reg_Ivano-Frankivsk,,26.8
2017,18_reg_Ivano-Frankivsk,,20.9
2018,18_reg_Ivano-Frankivsk,,19.4
2019,18_reg_Ivano-Frankivsk,,17.9
2020,18_reg_Ivano-Frankivsk,,15.0
2015,19_reg_Kyiv,,28.5
2016,19_reg_Kyiv,,27.7
2017,19_reg_Kyiv,,23.2
2018,19_reg_Kyiv,,20.4
2019,19_reg_Kyiv,,18.1
2020,19_reg_Kyiv,,14.5
2015,20_reg_Kirovohrad,,41.5
2016,20_reg_Kirovohrad,,34.1
2017,20_reg_Kirovohrad,,29.5
2018,20_reg_Kirovohrad,,26.7
2019,20_reg_Kirovohrad,,24.9
2020,20_reg_Kirovohrad,,23.5
2015,21_reg_Luhansk,,
2016,21_reg_Luhansk,,
2017,21_reg_Luhansk,,
2018,21_reg_Luhansk,,
2019,21_reg_Luhansk,,
2020,21_reg_Luhansk,,
2015,22_reg_Lviv,,18.7
2016,22_reg_Lviv,,17.5
2017,22_reg_Lviv,,15.2
2018,22_reg_Lviv,,12.0
2019,22_reg_Lviv,,11.4
2020,22_reg_Lviv,,10.2
2015,23_reg_Mykolayiv,,35.8
2016,23_reg_Mykolayiv,,32.8
2017,23_reg_Mykolayiv,,30.7
2018,23_reg_Mykolayiv,,26.7
2019,23_reg_Mykolayiv,,20.6
2020,23_reg_Mykolayiv,,20.2
2015,24_reg_Odesa,,30.0
2016,24_reg_Odesa,,30.2
2017,24_reg_Odesa,,28.1
2018,24_reg_Odesa,,24.7
2019,24_reg_Odesa,,19.4
2020,24_reg_Odesa,,19.1
2015,25_reg_Poltava,,26.0
2016,25_reg_Poltava,,26.5
2017,25_reg_Poltava,,21.6
2018,25_reg_Poltava,,18.9
2019,25_reg_Poltava,,15.3
2020,25_reg_Poltava,,16.2
2015,26_reg_Rivne,,26.2
2016,26_reg_Rivne,,25.9
2017,26_reg_Rivne,,24.2
2018,26_reg_Rivne,,19.4
2019,26_reg_Rivne,,15.9
2020,26_reg_Rivne,,15.6
2015,27_reg_Sumy,,25.0
2016,27_reg_Sumy,,22.0
2017,27_reg_Sumy,,19.5
2018,27_reg_Sumy,,16.9
2019,27_reg_Sumy,,14.9
2020,27_reg_Sumy,,13.5
2015,28_reg_Ternopil,,25.1
2016,28_reg_Ternopil,,23.7
2017,28_reg_Ternopil,,19.1
2018,28_reg_Ternopil,,16.8
2019,28_reg_Ternopil,,13.9
2020,28_reg_Ternopil,,12.5
2015,29_reg_Kharkiv,,20.8
2016,29_reg_Kharkiv,,19.6
2017,29_reg_Kharkiv,,17.4
2018,29_reg_Kharkiv,,14.0
2019,29_reg_Kharkiv,,11.8
2020,29_reg_Kharkiv,,10.6
2015,30_reg_Kherson,,34.4
2016,30_reg_Kherson,,32.0
2017,30_reg_Kherson,,29.6
2018,30_reg_Kherson,,25.8
2019,30_reg_Kherson,,21.3
2020,30_reg_Kherson,,20.4
2015,31_reg_Khmelnytskiy,,34.1
2016,31_reg_Khmelnytskiy,,28.9
2017,31_reg_Khmelnytskiy,,24.8
2018,31_reg_Khmelnytskiy,,22.3
2019,31_reg_Khmelnytskiy,,20.4
2020,31_reg_Khmelnytskiy,,18.6
2015,32_reg_Cherkasy,,29.9
2016,32_reg_Cherkasy,,27.9
2017,32_reg_Cherkasy,,25.8
2018,32_reg_Cherkasy,,20.9
2019,32_reg_Cherkasy,,16.7
2020,32_reg_Cherkasy,,16.0
2015,33_reg_Chernivtsi,,27.3
2016,33_reg_Chernivtsi,,23.8
2017,33_reg_Chernivtsi,,24.0
2018,33_reg_Chernivtsi,,19.6
2019,33_reg_Chernivtsi,,18.0
2020,33_reg_Chernivtsi,,17.0
2015,34_reg_Chernihiv,,25.6
2016,34_reg_Chernihiv,,22.5
2017,34_reg_Chernihiv,,19.1
2018,34_reg_Chernihiv,,17.3
2019,34_reg_Chernihiv,,15.0
2020,34_reg_Chernihiv,,14.3
2015,35_reg_Kyiv_city,,8.2
2016,35_reg_Kyiv_city,,7.6
2017,35_reg_Kyiv_city,,7.5
2018,35_reg_Kyiv_city,,6.5
2019,35_reg_Kyiv_city,,5.7
2020,35_reg_Kyiv_city,,5.4
2015,,aged_15,3.9
2016,,aged_15,4.2
2017,,aged_15,3.3
2018,,aged_15,3.8
2019,,aged_15,2.8
2020,,aged_15,2.2
2015,,aged_16,9.8
2016,,aged_16,8.6
2017,,aged_16,7.4
2018,,aged_16,7.1
2019,,aged_16,6.1
2020,,aged_16,5.9
2015,,aged_17,20.8
2016,,aged_17,19.7
2017,,aged_17,17.0
2018,,aged_17,15.4
2019,,aged_17,13.5
2020,,aged_17,13.1
2015,,aged_18,38.4
2016,,aged_18,35.1
2017,,aged_18,31.5
2018,,aged_18,27.9
2019,,aged_18,24.0
2020,,aged_18,22.6
2015,,aged_19,55.6
2016,,aged_19,52.4
2017,,aged_19,48.6
2018,,aged_19,43.0
2019,,aged_19,38.7
2020,,aged_19,37.4
2015,,aged_20_under,27.3
2016,,aged_20_under,25.3
2017,,aged_20_under,22.4
2018,,aged_20_under,19.7
2019,,aged_20_under,16.9
2020,,aged_20_under,15.8
