Year,Group,Value
2015,,99.2
2016,,103.5
2017,,103.1
2018,,102.2
2019,,101.8
2020,,100.3
2021,,
2015,11_agricul,
2016,11_agricul,106.5
2017,11_agricul,97.7
2018,11_agricul,105.3
2019,11_agricul,98.6
2020,11_agricul,98.8
2021,11_agricul,
2015,12_indu,
2016,12_indu,105.0
2017,12_indu,101.7
2018,12_indu,102.7
2019,12_indu,98.2
2020,12_indu,99.6
2021,12_indu,
2015,13_constr,
2016,13_constr,114.6
2017,13_constr,125.7
2018,13_constr,105.0
2019,13_constr,117.9
2020,13_constr,110.4
2021,13_constr,
2015,14_motor_veh,
2016,14_motor_veh,104.1
2017,14_motor_veh,102.1
2018,14_motor_veh,101.0
2019,14_motor_veh,99.5
2020,14_motor_veh,109.5
2021,14_motor_veh,
2015,15_courier,
2016,15_courier,103.2
2017,15_courier,104.6
2018,15_courier,100.9
2019,15_courier,103.5
2020,15_courier,86.0
2021,15_courier,
2015,16_cater,
2016,16_cater,105.8
2017,16_cater,104.4
2018,16_cater,104.6
2019,16_cater,102.1
2020,16_cater,85.6
2021,16_cater,
2015,17_telecom,
2016,17_telecom,105.6
2017,17_telecom,108.8
2018,17_telecom,104.0
2019,17_telecom,103.5
2020,17_telecom,104.8
2021,17_telecom,
2015,18_insurance,
2016,18_insurance,97.8
2017,18_insurance,126.9
2018,18_insurance,109.6
2019,18_insurance,106.7
2020,18_insurance,101.7
2021,18_insurance,
2015,19_estate,
2016,19_estate,107.3
2017,19_estate,103.2
2018,19_estate,105.8
2019,19_estate,106.8
2020,19_estate,104.9
2021,19_estate,
2015,20_scientific,
2016,20_scientific,103.7
2017,20_scientific,108.9
2018,20_scientific,100.6
2019,20_scientific,107.5
2020,20_scientific,88.2
2021,20_scientific,
2015,21_support,
2016,21_support,106.6
2017,21_support,102.8
2018,21_support,102.1
2019,21_support,102.1
2020,21_support,91.6
2021,21_support,
2015,22_public,
2016,22_public,101.1
2017,22_public,93.8
2018,22_public,103.6
2019,22_public,117.4
2020,22_public,97.9
2021,22_public,
2015,23_educ,
2016,23_educ,99.2
2017,23_educ,102.4
2018,23_educ,100.4
2019,23_educ,103.4
2020,23_educ,94.9
2021,23_educ,
2015,24_health,
2016,24_health,97.9
2017,24_health,101.5
2018,24_health,97.7
2019,24_health,106.9
2020,24_health,106.7
2021,24_health,
2015,25_arts,
2016,25_arts,101.4
2017,25_arts,101.6
2018,25_arts,103.5
2019,25_arts,104.2
2020,25_arts,91.2
2021,25_arts,
2015,26_other_serv,
2016,26_other_serv,102.9
2017,26_other_serv,106.1
2018,26_other_serv,103.1
2019,26_other_serv,108.6
2020,26_other_serv,82.2
2021,26_other_serv,
