Year,Ec_activ,including,Value
2015,,,28.9
2016,,,
2017,,,28.4
2018,,,
2019,,,29.6
2020,,,
2021,,,
2022,,,
2015,1_agr_and_rel,,11.2
2016,1_agr_and_rel,,
2017,1_agr_and_rel,,12.6
2018,1_agr_and_rel,,
2019,1_agr_and_rel,,14.5
2020,1_agr_and_rel,,
2021,1_agr_and_rel,,
2022,1_agr_and_rel,,
2015,2_indus,,35.3
2016,2_indus,,
2017,2_indus,,34.1
2018,2_indus,,
2019,2_indus,,34.0
2020,2_indus,,
2021,2_indus,,
2022,2_indus,,
2015,3_mining,,68.7
2016,3_mining,,
2017,3_mining,,67.9
2018,3_mining,,
2019,3_mining,,66.5
2020,3_mining,,
2021,3_mining,,
2022,3_mining,,
2015,3_mining,inc_11_coal,82.0
2016,3_mining,inc_11_coal,
2017,3_mining,inc_11_coal,81.2
2018,3_mining,inc_11_coal,
2019,3_mining,inc_11_coal,78.6
2020,3_mining,inc_11_coal,
2021,3_mining,inc_11_coal,
2022,3_mining,inc_11_coal,
2015,4_proc_ind,,29.2
2016,4_proc_ind,,
2017,4_proc_ind,,27.8
2018,4_proc_ind,,
2019,4_proc_ind,,28.5
2020,4_proc_ind,,
2021,4_proc_ind,,
2022,4_proc_ind,,
2015,4_proc_ind,inc_12_food,17.3
2016,4_proc_ind,inc_12_food,
2017,4_proc_ind,inc_12_food,19.5
2018,4_proc_ind,inc_12_food,
2019,4_proc_ind,inc_12_food,20.5
2020,4_proc_ind,inc_12_food,
2021,4_proc_ind,inc_12_food,
2022,4_proc_ind,inc_12_food,
2015,4_proc_ind,inc_13_leather,9.5
2016,4_proc_ind,inc_13_leather,
2017,4_proc_ind,inc_13_leather,11.1
2018,4_proc_ind,inc_13_leather,
2019,4_proc_ind,inc_13_leather,12.1
2020,4_proc_ind,inc_13_leather,
2021,4_proc_ind,inc_13_leather,
2022,4_proc_ind,inc_13_leather,
2015,4_proc_ind,inc_14_wood,22.5
2016,4_proc_ind,inc_14_wood,
2017,4_proc_ind,inc_14_wood,23.7
2018,4_proc_ind,inc_14_wood,
2019,4_proc_ind,inc_14_wood,25.6
2020,4_proc_ind,inc_14_wood,
2021,4_proc_ind,inc_14_wood,
2022,4_proc_ind,inc_14_wood,
2015,4_proc_ind,inc_15_coke,58.5
2016,4_proc_ind,inc_15_coke,
2017,4_proc_ind,inc_15_coke,61.3
2018,4_proc_ind,inc_15_coke,
2019,4_proc_ind,inc_15_coke,59.5
2020,4_proc_ind,inc_15_coke,
2021,4_proc_ind,inc_15_coke,
2022,4_proc_ind,inc_15_coke,
2015,4_proc_ind,inc_16_chem,37.2
2016,4_proc_ind,inc_16_chem,
2017,4_proc_ind,inc_16_chem,33.4
2018,4_proc_ind,inc_16_chem,
2019,4_proc_ind,inc_16_chem,37.3
2020,4_proc_ind,inc_16_chem,
2021,4_proc_ind,inc_16_chem,
2022,4_proc_ind,inc_16_chem,
2015,4_proc_ind,inc_17_pharma,21.2
2016,4_proc_ind,inc_17_pharma,
2017,4_proc_ind,inc_17_pharma,19.1
2018,4_proc_ind,inc_17_pharma,
2019,4_proc_ind,inc_17_pharma,20.0
2020,4_proc_ind,inc_17_pharma,
2021,4_proc_ind,inc_17_pharma,
2022,4_proc_ind,inc_17_pharma,
2015,4_proc_ind,inc_18_plastic,26.9
2016,4_proc_ind,inc_18_plastic,
2017,4_proc_ind,inc_18_plastic,29.7
2018,4_proc_ind,inc_18_plastic,
2019,4_proc_ind,inc_18_plastic,28.3
2020,4_proc_ind,inc_18_plastic,
2021,4_proc_ind,inc_18_plastic,
2022,4_proc_ind,inc_18_plastic,
2015,4_proc_ind,inc_19_metall,57.7
2016,4_proc_ind,inc_19_metall,
2017,4_proc_ind,inc_19_metall,56.3
2018,4_proc_ind,inc_19_metall,
2019,4_proc_ind,inc_19_metall,55.4
2020,4_proc_ind,inc_19_metall,
2021,4_proc_ind,inc_19_metall,
2022,4_proc_ind,inc_19_metall,
2015,4_proc_ind,inc_20_pc,14.7
2016,4_proc_ind,inc_20_pc,
2017,4_proc_ind,inc_20_pc,14.4
2018,4_proc_ind,inc_20_pc,
2019,4_proc_ind,inc_20_pc,13.2
2020,4_proc_ind,inc_20_pc,
2021,4_proc_ind,inc_20_pc,
2022,4_proc_ind,inc_20_pc,
2015,4_proc_ind,inc_21_electro,23.7
2016,4_proc_ind,inc_21_electro,
2017,4_proc_ind,inc_21_electro,21.0
2018,4_proc_ind,inc_21_electro,
2019,4_proc_ind,inc_21_electro,19.4
2020,4_proc_ind,inc_21_electro,
2021,4_proc_ind,inc_21_electro,
2022,4_proc_ind,inc_21_electro,
2015,4_proc_ind,inc_22_machinery,25.3
2016,4_proc_ind,inc_22_machinery,
2017,4_proc_ind,inc_22_machinery,21.9
2018,4_proc_ind,inc_22_machinery,
2019,4_proc_ind,inc_22_machinery,21.1
2020,4_proc_ind,inc_22_machinery,
2021,4_proc_ind,inc_22_machinery,
2022,4_proc_ind,inc_22_machinery,
2015,4_proc_ind,inc_23_motor,21.5
2016,4_proc_ind,inc_23_motor,
2017,4_proc_ind,inc_23_motor,19.4
2018,4_proc_ind,inc_23_motor,
2019,4_proc_ind,inc_23_motor,19.4
2020,4_proc_ind,inc_23_motor,
2021,4_proc_ind,inc_23_motor,
2022,4_proc_ind,inc_23_motor,
2015,4_proc_ind,inc_24_furn,30.3
2016,4_proc_ind,inc_24_furn,
2017,4_proc_ind,inc_24_furn,29.1
2018,4_proc_ind,inc_24_furn,
2019,4_proc_ind,inc_24_furn,33.9
2020,4_proc_ind,inc_24_furn,
2021,4_proc_ind,inc_24_furn,
2022,4_proc_ind,inc_24_furn,
2015,5_el_gas,,35.2
2016,5_el_gas,,
2017,5_el_gas,,34.9
2018,5_el_gas,,
2019,5_el_gas,,34.0
2020,5_el_gas,,
2021,5_el_gas,,
2022,5_el_gas,,
2015,6_water,,35.3
2016,6_water,,
2017,6_water,,35.4
2018,6_water,,
2019,6_water,,36.5
2020,6_water,,
2021,6_water,,
2022,6_water,,
2015,7_constr,,20.8
2016,7_constr,,
2017,7_constr,,20.5
2018,7_constr,,
2019,7_constr,,22.5
2020,7_constr,,
2021,7_constr,,
2022,7_constr,,
2015,8_trans_act,,23.1
2016,8_trans_act,,
2017,8_trans_act,,23.5
2018,8_trans_act,,
2019,8_trans_act,,27.0
2020,8_trans_act,,
2021,8_trans_act,,
2022,8_trans_act,,
2015,9_telec,,11.4
2016,9_telec,,
2017,9_telec,,10.7
2018,9_telec,,
2019,9_telec,,11.1
2020,9_telec,,
2021,9_telec,,
2022,9_telec,,
