Year,Group,Value
2015,,58.1
2016,,62.3
2017,,62.6
2018,,64.3
2019,,66.4
2020,,70.2
2015,11_agricul,82.6
2016,11_agricul,89.6
2017,11_agricul,95.6
2018,11_agricul,97.2
2019,11_agricul,95.3
2020,11_agricul,86.5
2015,12_indu,40.1
2016,12_indu,46.3
2017,12_indu,43.7
2018,12_indu,44.7
2019,12_indu,51.3
2020,12_indu,50.9
2015,13_constr,80.3
2016,13_constr,91.2
2017,13_constr,98.3
2018,13_constr,94.3
2019,13_constr,93.9
2020,13_constr,88.4
2015,14_motor_veh,64.5
2016,14_motor_veh,72.8
2017,14_motor_veh,70.0
2018,14_motor_veh,73.4
2019,14_motor_veh,73.3
2020,14_motor_veh,76.6
2015,15_courier,50.0
2016,15_courier,48.7
2017,15_courier,51.1
2018,15_courier,49.0
2019,15_courier,47.5
2020,15_courier,46.2
2015,16_cater,87.5
2016,16_cater,96.3
2017,16_cater,97.6
2018,16_cater,90.7
2019,16_cater,
2020,16_cater,
2015,17_telecom,59.3
2016,17_telecom,72.3
2017,17_telecom,74.2
2018,17_telecom,71.8
2019,17_telecom,71.1
2020,17_telecom,72.0
2015,18_insurance,
2016,18_insurance,98.3
2017,18_insurance,100.0
2018,18_insurance,
2019,18_insurance,
2020,18_insurance,91.3
2015,19_estate,96.8
2016,19_estate,
2017,19_estate,
2018,19_estate,95.4
2019,19_estate,
2020,19_estate,
2015,20_scientific,49.2
2016,20_scientific,43.9
2017,20_scientific,
2018,20_scientific,
2019,20_scientific,
2020,20_scientific,
2015,21_support,98.1
2016,21_support,90.8
2017,21_support,99.9
2018,21_support,99.4
2019,21_support,
2020,21_support,
2015,23_educ,100.0
2016,23_educ,100.0
2017,23_educ,100.0
2018,23_educ,100.0
2019,23_educ,100.0
2020,23_educ,100.0
2015,24_health,100.0
2016,24_health,100.0
2017,24_health,100.0
2018,24_health,100.0
2019,24_health,
2020,24_health,
2015,25_arts,49.5
2016,25_arts,
2017,25_arts,
2018,25_arts,
2019,25_arts,
2020,25_arts,
2015,26_other_serv,100.0
2016,26_other_serv,100.0
2017,26_other_serv,100.0
2018,26_other_serv,100.0
2019,26_other_serv,100.0
2020,26_other_serv,100.0
