Year,Type of residence,Region,Value
2015,,,
2016,,,
2017,,,
2018,,,
2019,,,46.0
2020,,,52.0
2021,,,54.0
2015,,11_reg_Vinnytsya,
2016,,11_reg_Vinnytsya,
2017,,11_reg_Vinnytsya,
2018,,11_reg_Vinnytsya,
2019,,11_reg_Vinnytsya,38.0
2020,,11_reg_Vinnytsya,43.0
2021,,11_reg_Vinnytsya,44.0
2015,,12_reg_Volyn,
2016,,12_reg_Volyn,
2017,,12_reg_Volyn,
2018,,12_reg_Volyn,
2019,,12_reg_Volyn,51.0
2020,,12_reg_Volyn,54.0
2021,,12_reg_Volyn,63.0
2015,,13_reg_Dnipropetrovsk,
2016,,13_reg_Dnipropetrovsk,
2017,,13_reg_Dnipropetrovsk,
2018,,13_reg_Dnipropetrovsk,
2019,,13_reg_Dnipropetrovsk,48.0
2020,,13_reg_Dnipropetrovsk,51.0
2021,,13_reg_Dnipropetrovsk,53.0
2015,,14_reg_Donetsk,
2016,,14_reg_Donetsk,
2017,,14_reg_Donetsk,
2018,,14_reg_Donetsk,
2019,,14_reg_Donetsk,31.0
2020,,14_reg_Donetsk,38.0
2021,,14_reg_Donetsk,38.0
2015,,15_reg_Zhytomyr,
2016,,15_reg_Zhytomyr,
2017,,15_reg_Zhytomyr,
2018,,15_reg_Zhytomyr,
2019,,15_reg_Zhytomyr,32.0
2020,,15_reg_Zhytomyr,41.0
2021,,15_reg_Zhytomyr,47.0
2015,,16_reg_Zakarpattya,
2016,,16_reg_Zakarpattya,
2017,,16_reg_Zakarpattya,
2018,,16_reg_Zakarpattya,
2019,,16_reg_Zakarpattya,35.0
2020,,16_reg_Zakarpattya,37.0
2021,,16_reg_Zakarpattya,41.0
2015,,17_reg_Zaporizhzhya,
2016,,17_reg_Zaporizhzhya,
2017,,17_reg_Zaporizhzhya,
2018,,17_reg_Zaporizhzhya,
2019,,17_reg_Zaporizhzhya,53.0
2020,,17_reg_Zaporizhzhya,58.0
2021,,17_reg_Zaporizhzhya,61.0
2015,,18_reg_Ivano-Frankivsk,
2016,,18_reg_Ivano-Frankivsk,
2017,,18_reg_Ivano-Frankivsk,
2018,,18_reg_Ivano-Frankivsk,
2019,,18_reg_Ivano-Frankivsk,43.0
2020,,18_reg_Ivano-Frankivsk,53.0
2021,,18_reg_Ivano-Frankivsk,47.0
2015,,19_reg_Kyiv,
2016,,19_reg_Kyiv,
2017,,19_reg_Kyiv,
2018,,19_reg_Kyiv,
2019,,19_reg_Kyiv,69.0
2020,,19_reg_Kyiv,76.0
2021,,19_reg_Kyiv,74.0
2015,,20_reg_Kirovohrad,
2016,,20_reg_Kirovohrad,
2017,,20_reg_Kirovohrad,
2018,,20_reg_Kirovohrad,
2019,,20_reg_Kirovohrad,30.0
2020,,20_reg_Kirovohrad,33.0
2021,,20_reg_Kirovohrad,38.0
2015,,21_reg_Luhansk,
2016,,21_reg_Luhansk,
2017,,21_reg_Luhansk,
2018,,21_reg_Luhansk,
2019,,21_reg_Luhansk,26.0
2020,,21_reg_Luhansk,32.0
2021,,21_reg_Luhansk,29.0
2015,,22_reg_Lviv,
2016,,22_reg_Lviv,
2017,,22_reg_Lviv,
2018,,22_reg_Lviv,
2019,,22_reg_Lviv,54.0
2020,,22_reg_Lviv,64.0
2021,,22_reg_Lviv,69.0
2015,,23_reg_Mykolayiv,
2016,,23_reg_Mykolayiv,
2017,,23_reg_Mykolayiv,
2018,,23_reg_Mykolayiv,
2019,,23_reg_Mykolayiv,42.0
2020,,23_reg_Mykolayiv,46.0
2021,,23_reg_Mykolayiv,52.0
2015,,24_reg_Odesa,
2016,,24_reg_Odesa,
2017,,24_reg_Odesa,
2018,,24_reg_Odesa,
2019,,24_reg_Odesa,61.0
2020,,24_reg_Odesa,71.0
2021,,24_reg_Odesa,66.0
2015,,25_reg_Poltava,
2016,,25_reg_Poltava,
2017,,25_reg_Poltava,
2018,,25_reg_Poltava,
2019,,25_reg_Poltava,36.0
2020,,25_reg_Poltava,43.0
2021,,25_reg_Poltava,48.0
2015,,26_reg_Rivne,
2016,,26_reg_Rivne,
2017,,26_reg_Rivne,
2018,,26_reg_Rivne,
2019,,26_reg_Rivne,48.0
2020,,26_reg_Rivne,56.0
2021,,26_reg_Rivne,56.0
2015,,27_reg_Sumy,
2016,,27_reg_Sumy,
2017,,27_reg_Sumy,
2018,,27_reg_Sumy,
2019,,27_reg_Sumy,47.0
2020,,27_reg_Sumy,51.0
2021,,27_reg_Sumy,49.0
2015,,28_reg_Ternopil,
2016,,28_reg_Ternopil,
2017,,28_reg_Ternopil,
2018,,28_reg_Ternopil,
2019,,28_reg_Ternopil,47.0
2020,,28_reg_Ternopil,53.0
2021,,28_reg_Ternopil,54.0
2015,,29_reg_Kharkiv,
2016,,29_reg_Kharkiv,
2017,,29_reg_Kharkiv,
2018,,29_reg_Kharkiv,
2019,,29_reg_Kharkiv,39.0
2020,,29_reg_Kharkiv,41.0
2021,,29_reg_Kharkiv,39.0
2015,,30_reg_Kherson,
2016,,30_reg_Kherson,
2017,,30_reg_Kherson,
2018,,30_reg_Kherson,
2019,,30_reg_Kherson,45.0
2020,,30_reg_Kherson,54.0
2021,,30_reg_Kherson,58.0
2015,,31_reg_Khmelnytskiy,
2016,,31_reg_Khmelnytskiy,
2017,,31_reg_Khmelnytskiy,
2018,,31_reg_Khmelnytskiy,
2019,,31_reg_Khmelnytskiy,47.0
2020,,31_reg_Khmelnytskiy,52.0
2021,,31_reg_Khmelnytskiy,56.0
2015,,32_reg_Cherkasy,
2016,,32_reg_Cherkasy,
2017,,32_reg_Cherkasy,
2018,,32_reg_Cherkasy,
2019,,32_reg_Cherkasy,33.0
2020,,32_reg_Cherkasy,41.0
2021,,32_reg_Cherkasy,41.0
2015,,33_reg_Chernivtsi,
2016,,33_reg_Chernivtsi,
2017,,33_reg_Chernivtsi,
2018,,33_reg_Chernivtsi,
2019,,33_reg_Chernivtsi,32.0
2020,,33_reg_Chernivtsi,29.0
2021,,33_reg_Chernivtsi,36.0
2015,,34_reg_Chernihiv,
2016,,34_reg_Chernihiv,
2017,,34_reg_Chernihiv,
2018,,34_reg_Chernihiv,
2019,,34_reg_Chernihiv,30.0
2020,,34_reg_Chernihiv,38.0
2021,,34_reg_Chernihiv,44.0
2015,,35_reg_Kyiv_city,
2016,,35_reg_Kyiv_city,
2017,,35_reg_Kyiv_city,
2018,,35_reg_Kyiv_city,
2019,,35_reg_Kyiv_city,78.0
2020,,35_reg_Kyiv_city,86.0
2021,,35_reg_Kyiv_city,83.0
2015,urban,,
2016,urban,,
2017,urban,,
2018,urban,,
2019,urban,,58.0
2020,urban,,61.0
2021,urban,,58.0
2015,urban,11_reg_Vinnytsya,
2016,urban,11_reg_Vinnytsya,
2017,urban,11_reg_Vinnytsya,
2018,urban,11_reg_Vinnytsya,
2019,urban,11_reg_Vinnytsya,65.0
2020,urban,11_reg_Vinnytsya,66.0
2021,urban,11_reg_Vinnytsya,60.0
2015,urban,12_reg_Volyn,
2016,urban,12_reg_Volyn,
2017,urban,12_reg_Volyn,
2018,urban,12_reg_Volyn,
2019,urban,12_reg_Volyn,59.0
2020,urban,12_reg_Volyn,61.0
2021,urban,12_reg_Volyn,60.0
2015,urban,13_reg_Dnipropetrovsk,
2016,urban,13_reg_Dnipropetrovsk,
2017,urban,13_reg_Dnipropetrovsk,
2018,urban,13_reg_Dnipropetrovsk,
2019,urban,13_reg_Dnipropetrovsk,52.0
2020,urban,13_reg_Dnipropetrovsk,54.0
2021,urban,13_reg_Dnipropetrovsk,56.0
2015,urban,14_reg_Donetsk,
2016,urban,14_reg_Donetsk,
2017,urban,14_reg_Donetsk,
2018,urban,14_reg_Donetsk,
2019,urban,14_reg_Donetsk,33.0
2020,urban,14_reg_Donetsk,39.0
2021,urban,14_reg_Donetsk,38.0
2015,urban,15_reg_Zhytomyr,
2016,urban,15_reg_Zhytomyr,
2017,urban,15_reg_Zhytomyr,
2018,urban,15_reg_Zhytomyr,
2019,urban,15_reg_Zhytomyr,47.0
2020,urban,15_reg_Zhytomyr,52.0
2021,urban,15_reg_Zhytomyr,53.0
2015,urban,16_reg_Zakarpattya,
2016,urban,16_reg_Zakarpattya,
2017,urban,16_reg_Zakarpattya,
2018,urban,16_reg_Zakarpattya,
2019,urban,16_reg_Zakarpattya,52.0
2020,urban,16_reg_Zakarpattya,51.0
2021,urban,16_reg_Zakarpattya,48.0
2015,urban,17_reg_Zaporizhzhya,
2016,urban,17_reg_Zaporizhzhya,
2017,urban,17_reg_Zaporizhzhya,
2018,urban,17_reg_Zaporizhzhya,
2019,urban,17_reg_Zaporizhzhya,59.0
2020,urban,17_reg_Zaporizhzhya,65.0
2021,urban,17_reg_Zaporizhzhya,64.0
2015,urban,18_reg_Ivano-Frankivsk,
2016,urban,18_reg_Ivano-Frankivsk,
2017,urban,18_reg_Ivano-Frankivsk,
2018,urban,18_reg_Ivano-Frankivsk,
2019,urban,18_reg_Ivano-Frankivsk,68.0
2020,urban,18_reg_Ivano-Frankivsk,76.0
2021,urban,18_reg_Ivano-Frankivsk,70.0
2015,urban,19_reg_Kyiv,
2016,urban,19_reg_Kyiv,
2017,urban,19_reg_Kyiv,
2018,urban,19_reg_Kyiv,
2019,urban,19_reg_Kyiv,76.0
2020,urban,19_reg_Kyiv,77.0
2021,urban,19_reg_Kyiv,64.0
2015,urban,20_reg_Kirovohrad,
2016,urban,20_reg_Kirovohrad,
2017,urban,20_reg_Kirovohrad,
2018,urban,20_reg_Kirovohrad,
2019,urban,20_reg_Kirovohrad,41.0
2020,urban,20_reg_Kirovohrad,44.0
2021,urban,20_reg_Kirovohrad,45.0
2015,urban,21_reg_Luhansk,
2016,urban,21_reg_Luhansk,
2017,urban,21_reg_Luhansk,
2018,urban,21_reg_Luhansk,
2019,urban,21_reg_Luhansk,30.0
2020,urban,21_reg_Luhansk,36.0
2021,urban,21_reg_Luhansk,28.0
2015,urban,22_reg_Lviv,
2016,urban,22_reg_Lviv,
2017,urban,22_reg_Lviv,
2018,urban,22_reg_Lviv,
2019,urban,22_reg_Lviv,67.0
2020,urban,22_reg_Lviv,73.0
2021,urban,22_reg_Lviv,77.0
2015,urban,23_reg_Mykolayiv,
2016,urban,23_reg_Mykolayiv,
2017,urban,23_reg_Mykolayiv,
2018,urban,23_reg_Mykolayiv,
2019,urban,23_reg_Mykolayiv,55.0
2020,urban,23_reg_Mykolayiv,55.0
2021,urban,23_reg_Mykolayiv,58.0
2015,urban,24_reg_Odesa,
2016,urban,24_reg_Odesa,
2017,urban,24_reg_Odesa,
2018,urban,24_reg_Odesa,
2019,urban,24_reg_Odesa,80.0
2020,urban,24_reg_Odesa,89.0
2021,urban,24_reg_Odesa,78.0
2015,urban,25_reg_Poltava,
2016,urban,25_reg_Poltava,
2017,urban,25_reg_Poltava,
2018,urban,25_reg_Poltava,
2019,urban,25_reg_Poltava,51.0
2020,urban,25_reg_Poltava,50.0
2021,urban,25_reg_Poltava,56.0
2015,urban,26_reg_Rivne,
2016,urban,26_reg_Rivne,
2017,urban,26_reg_Rivne,
2018,urban,26_reg_Rivne,
2019,urban,26_reg_Rivne,71.0
2020,urban,26_reg_Rivne,77.0
2021,urban,26_reg_Rivne,70.0
2015,urban,27_reg_Sumy,
2016,urban,27_reg_Sumy,
2017,urban,27_reg_Sumy,
2018,urban,27_reg_Sumy,
2019,urban,27_reg_Sumy,64.0
2020,urban,27_reg_Sumy,65.0
2021,urban,27_reg_Sumy,58.0
2015,urban,28_reg_Ternopil,
2016,urban,28_reg_Ternopil,
2017,urban,28_reg_Ternopil,
2018,urban,28_reg_Ternopil,
2019,urban,28_reg_Ternopil,55.0
2020,urban,28_reg_Ternopil,57.0
2021,urban,28_reg_Ternopil,82.0
2015,urban,29_reg_Kharkiv,
2016,urban,29_reg_Kharkiv,
2017,urban,29_reg_Kharkiv,
2018,urban,29_reg_Kharkiv,
2019,urban,29_reg_Kharkiv,45.0
2020,urban,29_reg_Kharkiv,44.0
2021,urban,29_reg_Kharkiv,39.0
2015,urban,30_reg_Kherson,
2016,urban,30_reg_Kherson,
2017,urban,30_reg_Kherson,
2018,urban,30_reg_Kherson,
2019,urban,30_reg_Kherson,60.0
2020,urban,30_reg_Kherson,60.0
2021,urban,30_reg_Kherson,56.0
2015,urban,31_reg_Khmelnytskiy,
2016,urban,31_reg_Khmelnytskiy,
2017,urban,31_reg_Khmelnytskiy,
2018,urban,31_reg_Khmelnytskiy,
2019,urban,31_reg_Khmelnytskiy,76.0
2020,urban,31_reg_Khmelnytskiy,77.0
2021,urban,31_reg_Khmelnytskiy,79.0
2015,urban,32_reg_Cherkasy,
2016,urban,32_reg_Cherkasy,
2017,urban,32_reg_Cherkasy,
2018,urban,32_reg_Cherkasy,
2019,urban,32_reg_Cherkasy,51.0
2020,urban,32_reg_Cherkasy,52.0
2021,urban,32_reg_Cherkasy,46.0
2015,urban,33_reg_Chernivtsi,
2016,urban,33_reg_Chernivtsi,
2017,urban,33_reg_Chernivtsi,
2018,urban,33_reg_Chernivtsi,
2019,urban,33_reg_Chernivtsi,54.0
2020,urban,33_reg_Chernivtsi,42.0
2021,urban,33_reg_Chernivtsi,61.0
2015,urban,34_reg_Chernihiv,
2016,urban,34_reg_Chernihiv,
2017,urban,34_reg_Chernihiv,
2018,urban,34_reg_Chernihiv,
2019,urban,34_reg_Chernihiv,45.0
2020,urban,34_reg_Chernihiv,54.0
2021,urban,34_reg_Chernihiv,57.0
2015,urban,35_reg_Kyiv_city,
2016,urban,35_reg_Kyiv_city,
2017,urban,35_reg_Kyiv_city,
2018,urban,35_reg_Kyiv_city,
2019,urban,35_reg_Kyiv_city,78.0
2020,urban,35_reg_Kyiv_city,86.0
2021,urban,35_reg_Kyiv_city,83.0
2015,rural,,
2016,rural,,
2017,rural,,
2018,rural,,
2019,rural,,22.0
2020,rural,,34.0
2021,rural,,44.0
2015,rural,11_reg_Vinnytsya,
2016,rural,11_reg_Vinnytsya,
2017,rural,11_reg_Vinnytsya,
2018,rural,11_reg_Vinnytsya,
2019,rural,11_reg_Vinnytsya,13.0
2020,rural,11_reg_Vinnytsya,21.0
2021,rural,11_reg_Vinnytsya,29.0
2015,rural,12_reg_Volyn,
2016,rural,12_reg_Volyn,
2017,rural,12_reg_Volyn,
2018,rural,12_reg_Volyn,
2019,rural,12_reg_Volyn,41.0
2020,rural,12_reg_Volyn,46.0
2021,rural,12_reg_Volyn,66.0
2015,rural,13_reg_Dnipropetrovsk,
2016,rural,13_reg_Dnipropetrovsk,
2017,rural,13_reg_Dnipropetrovsk,
2018,rural,13_reg_Dnipropetrovsk,
2019,rural,13_reg_Dnipropetrovsk,26.0
2020,rural,13_reg_Dnipropetrovsk,39.0
2021,rural,13_reg_Dnipropetrovsk,36.0
2015,rural,14_reg_Donetsk,
2016,rural,14_reg_Donetsk,
2017,rural,14_reg_Donetsk,
2018,rural,14_reg_Donetsk,
2019,rural,14_reg_Donetsk,17.0
2020,rural,14_reg_Donetsk,34.0
2021,rural,14_reg_Donetsk,37.0
2015,rural,15_reg_Zhytomyr,
2016,rural,15_reg_Zhytomyr,
2017,rural,15_reg_Zhytomyr,
2018,rural,15_reg_Zhytomyr,
2019,rural,15_reg_Zhytomyr,13.0
2020,rural,15_reg_Zhytomyr,26.0
2021,rural,15_reg_Zhytomyr,39.0
2015,rural,16_reg_Zakarpattya,
2016,rural,16_reg_Zakarpattya,
2017,rural,16_reg_Zakarpattya,
2018,rural,16_reg_Zakarpattya,
2019,rural,16_reg_Zakarpattya,24.0
2020,rural,16_reg_Zakarpattya,28.0
2021,rural,16_reg_Zakarpattya,35.0
2015,rural,17_reg_Zaporizhzhya,
2016,rural,17_reg_Zaporizhzhya,
2017,rural,17_reg_Zaporizhzhya,
2018,rural,17_reg_Zaporizhzhya,
2019,rural,17_reg_Zaporizhzhya,32.0
2020,rural,17_reg_Zaporizhzhya,38.0
2021,rural,17_reg_Zaporizhzhya,48.0
2015,rural,18_reg_Ivano-Frankivsk,
2016,rural,18_reg_Ivano-Frankivsk,
2017,rural,18_reg_Ivano-Frankivsk,
2018,rural,18_reg_Ivano-Frankivsk,
2019,rural,18_reg_Ivano-Frankivsk,21.0
2020,rural,18_reg_Ivano-Frankivsk,34.0
2021,rural,18_reg_Ivano-Frankivsk,28.0
2015,rural,19_reg_Kyiv,
2016,rural,19_reg_Kyiv,
2017,rural,19_reg_Kyiv,
2018,rural,19_reg_Kyiv,
2019,rural,19_reg_Kyiv,60.0
2020,rural,19_reg_Kyiv,74.0
2021,rural,19_reg_Kyiv,88.0
2015,rural,20_reg_Kirovohrad,
2016,rural,20_reg_Kirovohrad,
2017,rural,20_reg_Kirovohrad,
2018,rural,20_reg_Kirovohrad,
2019,rural,20_reg_Kirovohrad,10.0
2020,rural,20_reg_Kirovohrad,16.0
2021,rural,20_reg_Kirovohrad,27.0
2015,rural,21_reg_Luhansk,
2016,rural,21_reg_Luhansk,
2017,rural,21_reg_Luhansk,
2018,rural,21_reg_Luhansk,
2019,rural,21_reg_Luhansk,16.0
2020,rural,21_reg_Luhansk,22.0
2021,rural,21_reg_Luhansk,31.0
2015,rural,22_reg_Lviv,
2016,rural,22_reg_Lviv,
2017,rural,22_reg_Lviv,
2018,rural,22_reg_Lviv,
2019,rural,22_reg_Lviv,32.0
2020,rural,22_reg_Lviv,49.0
2021,rural,22_reg_Lviv,56.0
2015,rural,23_reg_Mykolayiv,
2016,rural,23_reg_Mykolayiv,
2017,rural,23_reg_Mykolayiv,
2018,rural,23_reg_Mykolayiv,
2019,rural,23_reg_Mykolayiv,15.0
2020,rural,23_reg_Mykolayiv,27.0
2021,rural,23_reg_Mykolayiv,39.0
2015,rural,24_reg_Odesa,
2016,rural,24_reg_Odesa,
2017,rural,24_reg_Odesa,
2018,rural,24_reg_Odesa,
2019,rural,24_reg_Odesa,19.0
2020,rural,24_reg_Odesa,30.0
2021,rural,24_reg_Odesa,37.0
2015,rural,25_reg_Poltava,
2016,rural,25_reg_Poltava,
2017,rural,25_reg_Poltava,
2018,rural,25_reg_Poltava,
2019,rural,25_reg_Poltava,13.0
2020,rural,25_reg_Poltava,31.0
2021,rural,25_reg_Poltava,37.0
2015,rural,26_reg_Rivne,
2016,rural,26_reg_Rivne,
2017,rural,26_reg_Rivne,
2018,rural,26_reg_Rivne,
2019,rural,26_reg_Rivne,25.0
2020,rural,26_reg_Rivne,36.0
2021,rural,26_reg_Rivne,43.0
2015,rural,27_reg_Sumy,
2016,rural,27_reg_Sumy,
2017,rural,27_reg_Sumy,
2018,rural,27_reg_Sumy,
2019,rural,27_reg_Sumy,12.0
2020,rural,27_reg_Sumy,23.0
2021,rural,27_reg_Sumy,29.0
2015,rural,28_reg_Ternopil,
2016,rural,28_reg_Ternopil,
2017,rural,28_reg_Ternopil,
2018,rural,28_reg_Ternopil,
2019,rural,28_reg_Ternopil,41.0
2020,rural,28_reg_Ternopil,49.0
2021,rural,28_reg_Ternopil,30.0
2015,rural,29_reg_Kharkiv,
2016,rural,29_reg_Kharkiv,
2017,rural,29_reg_Kharkiv,
2018,rural,29_reg_Kharkiv,
2019,rural,29_reg_Kharkiv,15.0
2020,rural,29_reg_Kharkiv,25.0
2021,rural,29_reg_Kharkiv,41.0
2015,rural,30_reg_Kherson,
2016,rural,30_reg_Kherson,
2017,rural,30_reg_Kherson,
2018,rural,30_reg_Kherson,
2019,rural,30_reg_Kherson,21.0
2020,rural,30_reg_Kherson,44.0
2021,rural,30_reg_Kherson,62.0
2015,rural,31_reg_Khmelnytskiy,
2016,rural,31_reg_Khmelnytskiy,
2017,rural,31_reg_Khmelnytskiy,
2018,rural,31_reg_Khmelnytskiy,
2019,rural,31_reg_Khmelnytskiy,14.0
2020,rural,31_reg_Khmelnytskiy,24.0
2021,rural,31_reg_Khmelnytskiy,31.0
2015,rural,32_reg_Cherkasy,
2016,rural,32_reg_Cherkasy,
2017,rural,32_reg_Cherkasy,
2018,rural,32_reg_Cherkasy,
2019,rural,32_reg_Cherkasy,12.0
2020,rural,32_reg_Cherkasy,28.0
2021,rural,32_reg_Cherkasy,35.0
2015,rural,33_reg_Chernivtsi,
2016,rural,33_reg_Chernivtsi,
2017,rural,33_reg_Chernivtsi,
2018,rural,33_reg_Chernivtsi,
2019,rural,33_reg_Chernivtsi,14.0
2020,rural,33_reg_Chernivtsi,19.0
2021,rural,33_reg_Chernivtsi,16.0
2015,rural,34_reg_Chernihiv,
2016,rural,34_reg_Chernihiv,
2017,rural,34_reg_Chernihiv,
2018,rural,34_reg_Chernihiv,
2019,rural,34_reg_Chernihiv,8.0
2020,rural,34_reg_Chernihiv,12.0
2021,rural,34_reg_Chernihiv,24.0
2015,rural,35_reg_Kyiv_city,
2016,rural,35_reg_Kyiv_city,
2017,rural,35_reg_Kyiv_city,
2018,rural,35_reg_Kyiv_city,
2019,rural,35_reg_Kyiv_city,
2020,rural,35_reg_Kyiv_city,
2021,rural,35_reg_Kyiv_city,
